ticker,name,asset_class,sector,first_month,last_month,n_months,ann_return_pct,ann_vol_pct,min_month_pct,max_month_pct,pct_positive_months
DBC,Invesco DB Commodity Index,Commodities,ETF,2006-03-31,2026-07-31,245,4.002658513650928,18.74950847823759,-25.081129949920957,16.266259388488802,51.83673469387755
GSG,iShares S&P GSCI Commodity,Commodities,ETF,2006-08-31,2026-07-31,240,0.3766105561380406,23.144317418873705,-30.38921834038536,24.22958835653255,53.333333333333336
PDBC,Invesco Optimum Yield Commodity,Commodities,ETF,2014-12-31,2026-07-31,140,5.77083413322022,17.305042613169423,-16.466440309078212,16.085788245695642,55.714285714285715
USO,United States Oil Fund,Commodities,ETF,2006-05-31,2026-07-31,243,0.2512948843128201,37.713092438472884,-55.44973414687977,55.27761408016683,49.794238683127574
PCRIX,PIMCO Commodity Real Ret Strat Instl,Commodities,MUTUALFUND,2002-08-31,2026-07-31,288,6.248421186520504,18.696027272662217,-29.114864431950938,15.830688233620505,55.90277777777778
UUP,Invesco DB US Dollar Bullish,Currency,ETF,2007-04-30,2026-07-31,232,1.9953168590404662,7.722585828526468,-6.3805206146203215,8.428815049882843,51.724137931034484
BITO,ProShares Bitcoin Strategy ETF,Digital Assets,ETF,2021-11-30,2026-07-31,57,10.83298395372649,56.623250829035754,-40.855834772199216,44.96129765306802,50.877192982456144
GBTC,Grayscale Bitcoin Trust,Digital Assets,ETF,2015-06-30,2026-07-31,134,90.78833037887802,116.10563721125453,-41.285293423167666,251.52504585925425,55.223880597014926
IBIT,iShares Bitcoin Trust ETF,Digital Assets,ETF,2024-02-29,2026-07-31,30,29.249827754478442,53.79583879327878,-21.688782244090977,45.761313913645616,53.333333333333336
EMB,iShares EM USD Bond ETF,EM Bonds,ETF,2008-01-31,2026-07-31,223,5.190094666735748,11.41981417499124,-19.393695927629018,17.703793432478964,64.12556053811659
CMCSA,CMCSA common stock,Equity (single stock),Communication Srv,1980-04-30,2026-07-31,556,17.5729871641705,29.673454251673764,-24.4898380752945,34.13645367853688,56.29496402877698
DIS,DIS common stock,Equity (single stock),Communication Srv,1985-02-28,2026-07-31,498,14.75255484535285,27.593455675697566,-28.70972162405544,31.014462161677248,57.028112449799195
GOOGL,GOOGL common stock,Equity (single stock),Communication Srv,2004-09-30,2026-07-31,263,27.156603816945335,30.88181134699616,-18.477295547052485,47.098805911127805,60.45627376425855
META,META common stock,Equity (single stock),Communication Srv,2012-06-30,2026-07-31,170,29.00895590106527,37.73691409558598,-32.63422424703304,47.90997540510658,61.1764705882353
NFLX,NFLX common stock,Equity (single stock),Communication Srv,2002-06-30,2026-07-31,290,41.51214390050144,54.53490795562487,-51.802051602821805,78.46420005391263,59.310344827586206
T,T common stock,Equity (single stock),Communication Srv,1983-12-31,2026-07-31,512,13.03383997745507,22.064480750771008,-18.755030101103497,29.86930446429332,56.4453125
TMUS,TMUS common stock,Equity (single stock),Communication Srv,2007-05-31,2026-07-31,231,13.890079534687668,35.002052836992995,-33.44015509279843,44.793419570612095,56.709956709956714
VZ,VZ common stock,Equity (single stock),Communication Srv,1985-02-28,2026-07-31,498,10.762043856114609,21.36163599501243,-20.9888903060775,39.26417751160678,56.024096385542165
AMZN,AMZN common stock,Equity (single stock),Consumer Discretionary,1997-06-30,2026-07-31,350,41.525779148134646,55.81940631936697,-41.155239032091515,126.38266961074316,59.14285714285714
BKNG,BKNG common stock,Equity (single stock),Consumer Discretionary,1999-04-30,2026-07-31,328,27.601291563676885,63.90932584989982,-56.521733952392,102.38097515573502,55.487804878048784
F,F common stock,Equity (single stock),Consumer Discretionary,1985-02-28,2026-07-31,498,15.558632982896873,41.494438738103604,-57.88461278765733,127.37646968832107,52.81124497991968
GM,GM common stock,Equity (single stock),Consumer Discretionary,2010-12-31,2026-07-31,188,11.996710737375427,31.697309583813382,-31.0377338719361,28.09710624831496,52.12765957446809
HD,HD common stock,Equity (single stock),Consumer Discretionary,1985-02-28,2026-07-31,498,21.883042320433464,27.877935994762588,-28.57146885241635,30.22888471852907,58.23293172690763
LOW,LOW common stock,Equity (single stock),Consumer Discretionary,1985-02-28,2026-07-31,498,19.81449681747048,32.266519780830194,-38.38717142886304,36.95655150432502,56.024096385542165
MAR,MAR common stock,Equity (single stock),Consumer Discretionary,1998-04-30,2026-07-31,340,16.383443065883647,30.24810016111755,-39.66934579451223,44.009779606550616,54.70588235294118
MCD,MCD common stock,Equity (single stock),Consumer Discretionary,1985-02-28,2026-07-31,498,14.688254154874404,20.32905364870881,-25.673419939267283,18.25725043567701,58.835341365461844
NKE,NKE common stock,Equity (single stock),Consumer Discretionary,1985-02-28,2026-07-31,498,20.21894489443266,32.82038221471304,-37.49999856800931,39.594381427690564,59.036144578313255
SBUX,SBUX common stock,Equity (single stock),Consumer Discretionary,1992-07-31,2026-07-31,409,23.49459480978368,33.7640215155112,-38.10320625895294,32.26940717942579,59.168704156479215
TJX,TJX common stock,Equity (single stock),Consumer Discretionary,1987-07-31,2026-07-31,469,19.761562093615616,29.57426102375571,-33.3333507800515,39.21563457890625,58.2089552238806
TSLA,TSLA common stock,Equity (single stock),Consumer Discretionary,2010-07-31,2026-07-31,193,51.47807541327087,62.11926576548619,-36.73343490707852,81.07057457667727,52.84974093264248
CL,CL common stock,Equity (single stock),Consumer Staples,1985-02-28,2026-07-31,498,14.389248717930084,20.770639174873022,-21.81570620765091,32.603150202983414,59.83935742971887
COST,COST common stock,Equity (single stock),Consumer Staples,1986-08-31,2026-07-31,480,16.148895693335696,26.799101504768696,-40.924805870256776,22.413821850957728,58.12500000000001
EL,EL common stock,Equity (single stock),Consumer Staples,1995-12-31,2026-07-31,368,12.938462824069324,30.27715197300828,-34.438666477952054,27.92680929405209,57.33695652173913
KO,KO common stock,Equity (single stock),Consumer Staples,1985-02-28,2026-07-31,498,14.579714120857204,19.898639774674454,-19.09937684513192,22.27977082060486,61.44578313253012
MDLZ,MDLZ common stock,Equity (single stock),Consumer Staples,2001-07-31,2026-07-31,301,8.602840155682442,18.63796910717808,-18.78785758805347,15.563332274227793,54.48504983388705
MO,MO common stock,Equity (single stock),Consumer Staples,1985-02-28,2026-07-31,498,19.340351871416647,24.779259653454147,-26.562524144159305,34.26520971777946,62.44979919678715
PEP,PEP common stock,Equity (single stock),Consumer Staples,1985-02-28,2026-07-31,498,14.229958991389255,19.689230677790224,-28.410877802297442,19.71162469069401,60.24096385542169
PG,PG common stock,Equity (single stock),Consumer Staples,1985-02-28,2026-07-31,498,13.562472219269495,19.284717232952076,-35.41963676759979,25.126343301113963,57.831325301204814
PM,PM common stock,Equity (single stock),Consumer Staples,2008-04-30,2026-07-31,220,14.524227774795362,22.487128193526324,-21.659503271116986,19.262673755299243,59.54545454545455
TGT,TGT common stock,Equity (single stock),Consumer Staples,1985-02-28,2026-07-31,498,15.627503410701937,29.02158995519153,-47.70829931779622,26.69490366346674,57.63052208835341
WMT,WMT common stock,Equity (single stock),Consumer Staples,1972-09-30,2026-07-31,647,21.37251723669421,29.352067532928324,-34.041452771840056,58.67774371682475,59.8145285935085
COP,COP common stock,Equity (single stock),Energy,1985-02-28,2026-07-31,498,14.798386220239665,29.083208931700703,-36.38990978636936,38.22500409904326,56.62650602409639
CVX,CVX common stock,Equity (single stock),Energy,1985-02-28,2026-07-31,498,13.958567210212031,22.54878183958356,-22.369804774138768,27.284573389979517,57.22891566265061
EOG,EOG common stock,Equity (single stock),Energy,1989-11-30,2026-07-31,441,18.824053180876405,36.347299202778125,-43.21846760492885,38.934401776509084,56.4625850340136
KMI,KMI common stock,Equity (single stock),Energy,2011-03-31,2026-07-31,185,8.277698502777632,24.49633631407033,-36.69920137124274,20.840357473940575,57.83783783783784
MPC,MPC common stock,Equity (single stock),Energy,2011-07-31,2026-07-31,181,28.70581234056272,38.5323287178389,-50.18979124416294,35.8171065616463,62.98342541436463
OXY,OXY common stock,Equity (single stock),Energy,1985-02-28,2026-07-31,498,13.280023331269991,34.273485592001784,-63.55862297622805,72.61774047725346,54.61847389558233
PSX,PSX common stock,Equity (single stock),Energy,2012-05-31,2026-07-31,171,21.289403403061353,32.73210146645455,-28.3328853950799,36.38398020722846,57.30994152046783
SLB,SLB common stock,Equity (single stock),Energy,1985-02-28,2026-07-31,498,11.664790597766682,33.07081695910832,-50.20304294096978,44.93032390987166,54.61847389558233
WMB,WMB common stock,Equity (single stock),Energy,1985-02-28,2026-07-31,498,18.28226728430002,37.367195316575106,-57.050629822920015,53.826057897908065,59.83935742971887
XOM,XOM common stock,Equity (single stock),Energy,1985-02-28,2026-07-31,498,13.317734121267518,19.92364687586914,-26.185851449005792,26.91557754506848,56.62650602409639
AIG,AIG common stock,Equity (single stock),Financials,1985-02-28,2026-07-31,498,14.662975646110088,55.78514111808914,-84.34760386332431,244.97702754765052,57.22891566265061
AXP,AXP common stock,Equity (single stock),Financials,1985-02-28,2026-07-31,498,16.221164652111884,29.97605038828148,-32.4055256105902,87.50929775373186,59.036144578313255
BAC,BAC common stock,Equity (single stock),Financials,1985-02-28,2026-07-31,498,15.461783703318382,35.74315237862927,-53.26705479165877,73.1325656176657,56.22489959839358
BLK,BLK common stock,Equity (single stock),Financials,1999-11-30,2026-07-31,321,22.31676238691461,29.702780664450025,-32.472974148107184,35.421385763960586,61.059190031152646
BRK-B,BRK-B common stock,Equity (single stock),Financials,1996-06-30,2026-07-31,362,12.350009548836594,18.922235244569173,-14.261315720355983,26.388897535241917,56.07734806629834
C,C common stock,Equity (single stock),Financials,1985-02-28,2026-07-31,498,14.061967670867888,37.91678882674897,-57.746483096315934,68.66667508977096,56.42570281124498
CB,CB common stock,Equity (single stock),Financials,1993-04-30,2026-07-31,400,15.57634359873317,23.875675352041377,-22.405284227120738,28.717203393684777,59.75
GS,GS common stock,Equity (single stock),Financials,1999-06-30,2026-07-31,326,16.50156633559739,31.581123277423657,-27.5139182514202,31.222349270755466,57.36196319018405
JPM,JPM common stock,Equity (single stock),Financials,1985-02-28,2026-07-31,498,16.583044204934865,31.157220117433297,-34.67743682340731,32.91426377423689,56.22489959839358
MA,MA common stock,Equity (single stock),Financials,2006-06-30,2026-07-31,242,28.330983535623076,28.121253578981893,-26.889330288784695,37.31447596010409,62.396694214876035
MS,MS common stock,Equity (single stock),Financials,1993-03-31,2026-07-31,401,18.56673688381532,35.33765923432619,-43.668864895557455,51.38014780015205,59.35162094763092
PNC,PNC common stock,Equity (single stock),Financials,1985-02-28,2026-07-31,498,14.371546408322796,27.30383975066099,-32.666972963376516,38.46160425553124,58.032128514056225
SCHW,SCHW common stock,Equity (single stock),Financials,1987-10-31,2026-07-31,466,23.80762516754916,40.56007888405781,-50.39347140143919,51.85221519829697,55.5793991416309
SPGI,SPGI common stock,Equity (single stock),Financials,1973-03-31,2026-07-31,641,16.898090401689334,25.36832044895567,-30.41407035223522,31.832118167710675,58.81435257410297
USB,USB common stock,Equity (single stock),Financials,1985-02-28,2026-07-31,498,15.693557140892288,26.79296497759916,-40.663709091835564,32.394353945508,58.032128514056225
V,V common stock,Equity (single stock),Financials,2008-04-30,2026-07-31,220,20.313998587119215,22.071999739805687,-19.574622249628803,33.81967866245639,61.36363636363637
WFC,WFC common stock,Equity (single stock),Financials,1985-02-28,2026-07-31,498,17.495169689177555,27.825836759978596,-35.88870400518622,40.51961034383418,60.44176706827309
ABBV,ABBV common stock,Equity (single stock),Healthcare,2013-02-28,2026-07-31,162,21.443793079080322,24.870349753521513,-18.285434561928327,22.890726601203593,61.72839506172839
ABT,ABT common stock,Equity (single stock),Healthcare,1985-02-28,2026-07-31,498,15.01058893972968,20.73762442872394,-20.736847888035037,22.123820358425462,61.24497991967871
BMY,BMY common stock,Equity (single stock),Healthcare,1985-02-28,2026-07-31,498,11.685334004709343,22.958954065988852,-28.346701424805577,22.439770175358518,57.831325301204814
CI,CI common stock,Equity (single stock),Healthcare,1985-02-28,2026-07-31,498,16.57168565861967,30.141937853578444,-52.03060833528055,39.141217014951415,58.63453815261044
CVS,CVS common stock,Equity (single stock),Healthcare,1985-02-28,2026-07-31,498,13.308360183985585,26.553006579586963,-29.69029986654972,27.41769085104813,53.41365461847389
DHR,DHR common stock,Equity (single stock),Healthcare,1979-01-31,2026-07-31,571,23.13703149449788,32.80096719145072,-51.968442197920204,65.43812003737817,58.66900175131349
ELV,ELV common stock,Equity (single stock),Healthcare,2001-11-30,2026-07-31,297,16.427409051091914,27.277633347373076,-37.029084614825045,28.580702215846276,57.91245791245792
ISRG,ISRG common stock,Equity (single stock),Healthcare,2000-07-31,2026-07-31,313,32.28326582996776,54.14025337810811,-41.34160458250336,109.45739607435966,57.50798722044729
JNJ,JNJ common stock,Equity (single stock),Healthcare,1985-02-28,2026-07-31,498,15.464238886351293,19.280190042888183,-16.23031844927103,18.806787936220548,59.23694779116466
LLY,LLY common stock,Equity (single stock),Healthcare,1985-02-28,2026-07-31,498,19.698786329258496,26.584706670797953,-29.470410293867012,31.198594839927463,57.42971887550201
MRK,MRK common stock,Equity (single stock),Healthcare,1985-02-28,2026-07-31,498,15.486794480305935,24.01348404841246,-25.992375360410346,22.75788444718836,57.42971887550201
PFE,PFE common stock,Equity (single stock),Healthcare,1985-02-28,2026-07-31,498,12.67614713079407,23.47045083205092,-24.007179724255302,26.553707581473596,54.01606425702812
TMO,TMO common stock,Equity (single stock),Healthcare,1985-02-28,2026-07-31,498,17.412035554527556,28.959205125511666,-39.57220000438074,32.36514555132397,57.63052208835341
UNH,UNH common stock,Equity (single stock),Healthcare,1985-02-28,2026-07-31,498,25.2683919989659,34.08819076083675,-36.50796311406095,40.69737898028198,62.048192771084345
ADP,ADP common stock,Equity (single stock),Industrials,1985-02-28,2026-07-31,498,15.537299605250837,21.404457433291356,-18.245578905254078,26.51904228846147,58.835341365461844
BA,BA common stock,Equity (single stock),Industrials,1985-02-28,2026-07-31,498,14.15406374017676,30.491199356964145,-45.78895447976462,45.931163934178485,56.62650602409639
CAT,CAT common stock,Equity (single stock),Industrials,1985-02-28,2026-07-31,498,20.133376296445554,31.49410980418906,-35.259562829108916,40.82086366388191,58.835341365461844
DE,DE common stock,Equity (single stock),Industrials,1985-02-28,2026-07-31,498,17.821811384813795,28.88368694814868,-29.515222629523695,25.52477210975914,57.028112449799195
FDX,FDX common stock,Equity (single stock),Industrials,1978-05-31,2026-07-31,579,17.698625275868142,32.37767071869658,-37.50005819025514,37.475892002785585,55.613126079447326
GE,GE common stock,Equity (single stock),Industrials,1962-02-28,2026-07-31,774,13.251153659163013,26.162857513332057,-27.7819099781369,37.196756592579504,53.617571059431526
HON,HON common stock,Equity (single stock),Industrials,1962-02-28,2026-07-31,774,12.104232062698259,26.95035833567676,-38.399990418466814,51.05260585824458,55.94315245478037
ITW,ITW common stock,Equity (single stock),Industrials,1985-02-28,2026-07-31,498,16.31906048473708,23.97610628367213,-26.337253570645082,24.444439801772067,56.42570281124498
LHX,LHX common stock,Equity (single stock),Industrials,1985-02-28,2026-07-31,498,15.343290853039587,28.31811007552113,-26.973652390144444,31.878778686874433,56.62650602409639
LMT,LMT common stock,Equity (single stock),Industrials,1985-02-28,2026-07-31,498,14.534141625538444,25.06135729806494,-38.81449666990462,31.126582691444217,59.83935742971887
NSC,NSC common stock,Equity (single stock),Industrials,1985-02-28,2026-07-31,498,15.471368866651341,26.46831908625027,-31.52172483764366,25.525121569136644,56.22489959839358
RTX,RTX common stock,Equity (single stock),Industrials,1985-02-28,2026-07-31,498,15.261360417301475,24.53933887231767,-39.22411428166036,32.991726968127196,58.63453815261044
UNP,UNP common stock,Equity (single stock),Industrials,1985-02-28,2026-07-31,498,15.531261946563507,23.386304015012612,-33.85338536710758,23.156992731484706,57.63052208835341
UPS,UPS common stock,Equity (single stock),Industrials,1999-12-31,2026-07-31,320,7.64113815277398,22.847916405756347,-22.969579834888453,28.404417857768728,56.875
WM,WM common stock,Equity (single stock),Industrials,1988-07-31,2026-07-31,457,18.18424653443568,36.85207526336887,-52.558115725194256,106.66661831328912,55.798687089715536
APD,APD common stock,Equity (single stock),Materials,1985-02-28,2026-07-31,498,15.009740272063835,25.027215015959975,-30.612231306394342,37.22631432317609,58.43373493975904
CTVA,CTVA common stock,Equity (single stock),Materials,2019-06-30,2026-07-31,86,20.807595593849634,25.048861938145045,-13.541993327783752,18.024348064500483,60.46511627906976
DOW,DOW common stock,Equity (single stock),Materials,2019-04-30,2026-07-31,88,4.105661390896999,35.084260186794516,-27.641676965027283,35.53531335852709,48.86363636363637
ECL,ECL common stock,Equity (single stock),Materials,1985-02-28,2026-07-31,498,15.97756389648413,22.117287785063507,-24.302772145270268,30.318905022889965,57.831325301204814
FCX,FCX common stock,Equity (single stock),Materials,1995-08-31,2026-07-31,372,18.944525390068385,49.54469687258467,-48.20884290068537,65.86956013812073,52.68817204301075
LIN,LIN common stock,Equity (single stock),Materials,1992-07-31,2026-07-31,409,16.532483922730588,23.113817024160415,-27.15736277592986,43.50093223611935,59.90220048899756
NEM,NEM common stock,Equity (single stock),Materials,1985-02-28,2026-07-31,498,13.621320274319432,38.80559093537529,-45.5752529619024,77.16897571973522,52.208835341365464
AMT,AMT common stock,Equity (single stock),Real Estate,1998-03-31,2026-07-31,341,18.82550216806916,49.7213934070565,-45.512157009677054,175.8865091027762,57.478005865102645
CCI,CCI common stock,Equity (single stock),Real Estate,1998-09-30,2026-07-31,335,19.34719108764242,43.912860432158155,-41.47582584733445,74.88369382417008,55.223880597014926
EQIX,EQIX common stock,Equity (single stock),Real Estate,2000-09-30,2026-07-31,311,25.69549351497017,75.28150404727769,-66.66665442019634,205.55574315476738,56.27009646302251
O,O common stock,Equity (single stock),Real Estate,1994-11-30,2026-07-31,381,14.825361065762163,20.397035014244153,-30.819724318671206,19.426411312696935,61.417322834645674
PLD,PLD common stock,Equity (single stock),Real Estate,1997-12-31,2026-07-31,344,14.449166531511986,27.230941861604986,-46.31066857398836,36.00466788523975,62.2093023255814
PSA,PSA common stock,Equity (single stock),Real Estate,1985-02-28,2026-07-31,498,14.047421371688651,22.46912884229989,-28.48102190026115,23.190173351860178,55.22088353413655
SPG,SPG common stock,Equity (single stock),Real Estate,1994-01-31,2026-07-31,391,16.495648986682205,27.214985040135716,-55.42736304354505,48.96070434386965,61.38107416879796
WELL,WELL common stock,Equity (single stock),Real Estate,1985-02-28,2026-07-31,498,16.442696609370184,22.931292719344356,-38.81313640487952,22.794152101134223,57.831325301204814
AAPL,AAPL common stock,Equity (single stock),Technology,1985-02-28,2026-07-31,498,28.54348602117531,41.52760943669798,-57.74364672468189,45.37826824386468,56.827309236947784
ADBE,ADBE common stock,Equity (single stock),Technology,1986-09-30,2026-07-31,479,28.282353994577903,46.28771299251622,-45.085788824732155,85.24397487530344,58.455114822546975
AMD,AMD common stock,Equity (single stock),Technology,1985-02-28,2026-07-31,498,27.56362963089235,63.74493653612754,-47.72727272727273,78.09955027308399,50.602409638554214
AVGO,AVGO common stock,Equity (single stock),Technology,2009-09-30,2026-07-31,203,38.94632727547381,32.44656775012874,-20.967324289402335,43.42370879272157,63.05418719211823
CRM,CRM common stock,Equity (single stock),Technology,2004-07-31,2026-07-31,265,24.21435274958254,38.1595482410179,-36.033064948129,40.26333312535903,55.84905660377358
CSCO,CSCO common stock,Equity (single stock),Technology,1990-03-31,2026-07-31,437,27.545552539840923,35.735005427226504,-36.7278861936751,38.91625164585639,60.41189931350115
IBM,IBM common stock,Equity (single stock),Technology,1962-02-28,2026-07-31,774,10.878618865788084,24.703529275366083,-26.190437402764054,35.37986555579593,52.97157622739018
INTC,INTC common stock,Equity (single stock),Technology,1985-02-28,2026-07-31,498,21.829627557125377,42.08102685829246,-44.49082423089451,114.0947225700323,56.42570281124498
INTU,INTU common stock,Equity (single stock),Technology,1993-04-30,2026-07-31,400,22.860129666147383,41.19584586593836,-33.908043302642,76.10298169813893,57.49999999999999
MSFT,MSFT common stock,Equity (single stock),Technology,1986-04-30,2026-07-31,484,27.11574850426078,32.482198404126876,-34.3528996007228,51.55402074192204,60.12396694214877
MU,MU common stock,Equity (single stock),Technology,1985-02-28,2026-07-31,498,32.312732458909686,61.444906816957946,-51.56250519413603,97.22221702808511,53.41365461847389
NOW,NOW common stock,Equity (single stock),Technology,2012-07-31,2026-07-31,169,27.67860332717371,34.66142641499401,-28.130775232761096,40.83343470150413,59.171597633136095
NVDA,NVDA common stock,Equity (single stock),Technology,1999-02-28,2026-07-31,330,48.74492668034907,59.879815973146755,-48.65495104074312,82.62307958134247,60.909090909090914
ORCL,ORCL common stock,Equity (single stock),Technology,1986-04-30,2026-07-31,484,29.07523178424209,44.15816044028503,-44.08595612239981,65.25338806264965,58.47107438016529
PANW,PANW common stock,Equity (single stock),Technology,2012-08-31,2026-07-31,168,33.172426735813815,38.367126965285294,-25.819618065692396,57.087882520603436,58.333333333333336
QCOM,QCOM common stock,Equity (single stock),Technology,1992-01-31,2026-07-31,415,28.139784892221737,49.38546820294561,-38.789641131664595,94.4455325870476,54.21686746987952
SNOW,SNOW common stock,Equity (single stock),Technology,2020-10-31,2026-07-31,70,15.166334407818315,58.525701136785244,-25.54246400602662,87.25727322188203,38.57142857142858
TXN,TXN common stock,Equity (single stock),Technology,1985-02-28,2026-07-31,498,19.593146775191027,36.774965839983345,-34.94985086651824,54.17641109418629,55.22088353413655
UBER,UBER common stock,Equity (single stock),Technology,2019-06-30,2026-07-31,86,16.814835623899576,42.90712620782298,-26.302410736022097,48.638132517856626,47.674418604651166
AEP,AEP common stock,Equity (single stock),Utilities,1985-02-28,2026-07-31,498,11.561290462318007,18.826483998889117,-17.766130376096644,22.851075552856347,58.63453815261044
D,D common stock,Equity (single stock),Utilities,1985-02-28,2026-07-31,498,11.475351517213426,17.335907472664147,-19.10380326520339,17.866741579654956,61.24497991967871
DUK,DUK common stock,Equity (single stock),Utilities,1985-02-28,2026-07-31,498,12.10555205814947,18.624541374046867,-27.1337907940566,22.263464596321715,63.65461847389559
EXC,EXC common stock,Equity (single stock),Utilities,1973-06-30,2026-07-31,638,12.130295093382209,20.98499564608974,-24.13797466630223,29.824551070774817,57.210031347962385
NEE,NEE common stock,Equity (single stock),Utilities,1985-02-28,2026-07-31,498,14.420233154118932,19.113579852598683,-19.163755768698888,23.21430570199887,61.24497991967871
SO,SO common stock,Equity (single stock),Utilities,1985-02-28,2026-07-31,498,13.72541124743896,17.00529488508969,-13.490089318589627,24.162433502474336,60.44176706827309
SRE,SRE common stock,Equity (single stock),Utilities,1998-07-31,2026-07-31,337,12.269689559013047,19.54036198809529,-18.33240560476851,18.85745856479226,61.12759643916914
GLD,SPDR Gold Shares,Gold,ETF,2004-12-31,2026-07-31,260,11.19295923301319,17.18312408152271,-16.13965370422935,12.78650225927709,53.07692307692308
IAU,iShares Gold Trust,Gold,ETF,2005-02-28,2026-07-31,258,11.688285632824465,17.17657562997515,-16.25131566776339,12.730107479938656,52.71317829457365
FSAGX,Fidelity Select Gold,Gold/Precious Metals,MUTUALFUND,1986-01-31,2026-07-31,487,11.717507470050231,33.489528814826826,-35.33204331398977,55.10207100021369,52.56673511293635
INIVX,VanEck International Investors Gold A,Gold/Precious Metals,MUTUALFUND,1985-02-28,2026-07-31,498,12.172307477028136,34.74546866486352,-39.37784656905448,42.83905264517234,52.81124497991968
ASA,ASA Gold and Precious Metals Ltd,Gold/Precious Metals,STOCK,1985-02-28,2026-07-31,498,11.179968934407803,34.58239650544373,-31.60918847135005,51.37610304286542,51.606425702811244
BNDW,Vanguard Total World Bond ETF,International Bonds,ETF,2018-10-31,2026-07-31,94,1.9775835997608637,5.060281115094073,-3.5722372004880043,3.9365852375344623,54.25531914893617
IGOV,iShares International Treasury Bond ETF,International Bonds,ETF,2009-02-28,2026-07-31,210,0.4934815055363373,8.761809463356126,-7.599577785861156,7.9339252994591325,54.761904761904766
VTABX,Vanguard Total Intl Bond Idx Admiral,International Bonds,MUTUALFUND,2013-07-31,2026-07-31,157,2.517891837906609,3.978957556646398,-3.6781066717581745,3.331886816345464,63.05732484076433
VTIBX,Vanguard Total Intl Bond Idx Investor,International Bonds,MUTUALFUND,2013-07-31,2026-07-31,157,2.4892703444168727,4.011871639143063,-3.728398434821256,3.3235068995847827,61.146496815286625
DISV,Dimensional Intl Small Cap Value ETF,International Equity,ETF,2022-04-30,2026-07-31,52,16.026139138483554,17.521923932058712,-11.413995311850556,12.741084948934112,61.53846153846154
EEM,iShares MSCI Emerging ETF,International Equity,ETF,2003-05-31,2026-07-31,279,11.380998895372185,20.832408166114835,-25.578003829632234,16.862940297956964,56.98924731182796
EFA,iShares MSCI EAFE ETF,International Equity,ETF,2001-09-30,2026-07-31,299,7.768158381376461,16.655476687760338,-20.834820628439942,14.269420814864354,60.86956521739131
EFV,iShares MSCI EAFE Value ETF,International Equity,ETF,2005-09-30,2026-07-31,251,7.364610122973171,17.997297379254423,-19.825557190770283,17.893928761348366,56.573705179282875
FXI,iShares China Large-Cap ETF,International Equity,ETF,2004-11-30,2026-07-31,261,8.742715490432113,26.165379971850577,-27.008997250639798,34.41525315455607,57.47126436781609
ISVL,iShares Intl Developed Small Cap Value,International Equity,ETF,2021-04-30,2026-07-31,64,12.189190834841368,16.503908051929823,-10.765573889303493,11.752458532326804,62.5
VEA,Vanguard FTSE Developed ETF,International Equity,ETF,2007-08-31,2026-07-31,228,6.617863354304044,17.815319893545624,-20.557297039412504,14.296561273944143,57.89473684210527
VGK,Vanguard FTSE Europe ETF,International Equity,ETF,2005-04-30,2026-07-31,256,8.118887804252694,18.507304039864596,-21.82873771962017,16.394419000640404,59.765625
VPL,Vanguard FTSE Pacific ETF,International Equity,ETF,2005-04-30,2026-07-31,256,7.821900771687787,16.399343037611843,-18.55789276093418,13.160117196244547,58.984375
VSS,Vanguard FTSE All-World ex-US Small-Cap ETF,International Equity,ETF,2009-05-31,2026-07-31,207,9.973518451173954,17.28204132641027,-20.630894222516527,16.763138637789865,58.454106280193244
VWO,Vanguard Emerging Markets ETF,International Equity,ETF,2005-04-30,2026-07-31,256,8.91863907138027,20.19141252764685,-27.264878544693115,17.889392502976275,55.859375
VXUS,Vanguard Total Intl Stock ETF,International Equity,ETF,2011-02-28,2026-07-31,186,7.428852604532732,15.017626804372611,-16.261565846600988,13.03612592731751,58.602150537634415
DISVX,DFA International Small Cap Value Portfolio,International Equity,MUTUALFUND,1995-01-31,2026-07-31,379,9.771443575762447,17.50958199983933,-22.75740627869649,16.47641656700365,57.78364116094987
VDVIX,Vanguard Developed Markets Index Fund,International Equity,MUTUALFUND,2014-01-31,2026-07-31,151,8.179029659652032,15.181777421981005,-15.509246216694827,14.693834733294553,59.60264900662252
VEIEX,Vanguard Emerging Markets Stock Index Inv,International Equity,MUTUALFUND,1994-06-30,2026-07-31,386,8.506120972595479,21.438055334237273,-27.507997735082313,18.316320117948905,58.03108808290155
VEMAX,Vanguard Emerging Markets Stock Index Adm,International Equity,MUTUALFUND,2006-07-31,2026-07-31,241,7.749916111570728,20.02439263847255,-27.69017439111735,18.181846875880737,57.26141078838174
VEURX,Vanguard FTSE Europe ETF,International Equity,MUTUALFUND,1990-07-31,2026-07-31,433,8.794302640517229,17.4017751631575,-21.771627414766503,16.748029827190656,59.815242494226325
VEUSX,Vanguard FTSE Europe ETF Adm,International Equity,MUTUALFUND,2001-09-30,2026-07-31,299,8.245585290267634,18.394179311555224,-21.734495250561338,16.72309588776124,58.862876254180605
VFSAX,Vanguard FTSE All-World ex-US Small Cap,International Equity,MUTUALFUND,2019-03-31,2026-07-31,89,9.568427185857884,18.314950778191484,-20.543421588393596,13.046917383640366,61.79775280898876
VGTSX,Vanguard Total Intl Stock Index Inv,International Equity,MUTUALFUND,1996-05-31,2026-07-31,363,7.193277190242409,16.761212021790172,-22.08808420964685,14.353186631995785,59.22865013774105
VINEX,Vanguard International Explorer Inv,International Equity,MUTUALFUND,1996-12-31,2026-07-31,356,9.372307435845064,18.830908157479353,-24.06374997628675,17.378930284316407,59.55056179775281
VPACX,Vanguard Pacific Stock Index Investor,International Equity,MUTUALFUND,1990-07-31,2026-07-31,433,5.772057727804785,18.275069092636684,-18.396701478841347,20.734891758741057,54.96535796766744
VPADX,Vanguard Pacific Stock Index Admiral,International Equity,MUTUALFUND,2001-09-30,2026-07-31,299,7.863994894184984,16.193534095794952,-18.327287458802278,13.890783841191713,58.52842809364549
VTIAX,Vanguard Total Intl Stock Index Admiral,International Equity,MUTUALFUND,2010-12-31,2026-07-31,188,7.913734533477442,15.031222502132715,-16.067725769368668,13.370033073549914,58.51063829787234
VTMGX,Vanguard Developed Markets Index Admiral,International Equity,MUTUALFUND,1999-09-30,2026-07-31,323,7.039844775779924,16.82325124219542,-20.51968777873594,14.782626657051324,59.133126934984524
VTRIX,Vanguard International Value Inv,International Equity,MUTUALFUND,1985-02-28,2026-07-31,498,7.959834847011857,17.49529460927868,-34.7746849388349,17.302960607413965,57.028112449799195
VMRXX,Vanguard Cash Reserves Money Market,Money Market,MONEYMARKET,2023-05-31,2026-07-31,35,0.0,0.0,0.0,0.0,0.0
VUSXX,Vanguard Treasury Money Market,Money Market,MONEYMARKET,2023-05-31,2026-07-31,35,0.0,0.0,0.0,0.0,0.0
PFF,iShares Preferred ETF,Preferred Stock,ETF,2007-04-30,2026-07-31,232,4.846502890443037,15.505331478839853,-25.412772765712198,20.633068669954802,62.06896551724138
IBB,iShares Biotechnology ETF,Sector-Biotech,ETF,2001-03-31,2026-07-31,305,9.59269135705106,21.991991484470127,-21.154463200240315,19.427459175835303,56.0655737704918
XBI,SPDR S&P Biotech ETF,Sector-Biotech,ETF,2006-03-31,2026-07-31,245,14.544477430764482,26.90216376824428,-27.991432949272177,20.596574138157898,56.326530612244895
ICLN,iShares Global Clean Energy ETF,Sector-Clean Energy,ETF,2008-07-31,2026-07-31,217,1.4621113314685998,30.845517644758292,-39.720405876849284,20.296532381331,52.07373271889401
XLC,Communication Services SPDR,Sector-Comm Services,ETF,2018-07-31,2026-07-31,97,12.759396845072368,19.0310827477369,-14.132015905223161,14.77391257887537,61.855670103092784
XLY,Consumer Discretionary SPDR,Sector-Cons Disc,ETF,1999-01-31,2026-07-31,331,10.871748726908043,19.15748450239523,-17.634381390873354,18.88256385168827,58.30815709969789
XLP,Consumer Staples Select SPDR,Sector-Cons Staples,ETF,1999-01-31,2026-07-31,331,7.284236257736508,12.45391895998275,-12.60872948767634,10.454679013866897,58.91238670694864
XLE,Energy Select Sector SPDR,Sector-Energy,ETF,1999-01-31,2026-07-31,331,11.533535950997505,24.98559095565474,-34.370971777248435,30.76396643406747,56.19335347432024
VGELX,Vanguard Energy Opportunities Admiral,Sector-Energy,MUTUALFUND,2001-12-31,2026-07-31,296,10.250718806586839,21.132792631222674,-26.863920739905957,18.642736335590904,60.13513513513513
VGENX,Vanguard Energy Opportunities Investor,Sector-Energy,MUTUALFUND,1985-02-28,2026-07-31,498,11.803806443853587,20.51346367935466,-26.862960393793443,19.05740409735399,59.43775100401606
KRE,SPDR S&P Regional Banking ETF,Sector-Financials,ETF,2006-07-31,2026-07-31,241,8.320031158786186,26.36280850527471,-30.645554255100937,21.491512908149033,56.43153526970954
XLF,Financial Select Sector SPDR,Sector-Financials,ETF,1999-01-31,2026-07-31,331,8.100404848860926,20.921492476975136,-26.198054485096232,21.79339279380672,56.19335347432024
XLV,Health Care Select Sector SPDR,Sector-Healthcare,ETF,1999-01-31,2026-07-31,331,9.110140746203935,14.190740420309917,-14.479196275614903,12.58751157224065,60.12084592145015
VGHAX,Vanguard Health Care Fund Admiral,Sector-Healthcare,MUTUALFUND,2001-12-31,2026-07-31,296,9.820177098035677,13.252489706385012,-13.076941595263424,11.384561404470151,60.810810810810814
VGHCX,Vanguard Health Care Fund Investor,Sector-Healthcare,MUTUALFUND,1985-02-28,2026-07-31,498,14.533518143993224,14.200575750450998,-25.636520031984624,15.192686412301404,64.65863453815261
XHB,SPDR S&P Homebuilders ETF,Sector-Homebuilders,ETF,2006-03-31,2026-07-31,245,9.306675555470942,28.149112702564207,-29.870172731599343,27.683647111124298,60.0
XLI,Industrial Select Sector SPDR,Sector-Industrials,ETF,1999-01-31,2026-07-31,331,10.739200370153341,18.68902204661442,-18.62595929015737,18.068341701786238,60.72507552870091
XLB,Materials Select Sector SPDR,Sector-Materials,ETF,1999-01-31,2026-07-31,331,9.892808790959226,20.72692237353053,-22.395192937053533,24.712694181473992,56.49546827794561
XLRE,Real Estate Select Sector SPDR,Sector-Real Estate,ETF,2015-11-30,2026-07-31,129,8.473698085164596,17.002759730738365,-15.106589227847532,12.477358389594983,59.68992248062015
SMH,VanEck Semiconductor ETF,Sector-Semiconductors,ETF,2000-07-31,2026-07-31,313,15.156365197678317,31.385874444337354,-32.51140710460978,32.16484331961529,58.78594249201278
SOXX,iShares Semiconductor ETF,Sector-Semiconductors,ETF,2001-08-31,2026-07-31,300,17.658644534895735,30.375369797635692,-30.3457463096386,40.40041547992512,58.666666666666664
XLK,Technology Select Sector SPDR,Sector-Technology,ETF,1999-01-31,2026-07-31,331,12.432264783211775,23.189803909203448,-24.90615314227529,24.767524923267548,59.21450151057401
XLU,Utilities Select Sector SPDR,Sector-Utilities,ETF,1999-01-31,2026-07-31,331,8.578574918775209,15.170322829791893,-14.7216667944304,13.214286123699681,63.141993957703924
FKUTX,Franklin Utilities A1,Sector-Utilities,MUTUALFUND,1985-02-28,2026-07-31,498,10.38935398478807,12.924144444346942,-13.864579248489239,10.93404940134275,64.85943775100401
SLV,iShares Silver Trust,Silver,ETF,2006-05-31,2026-07-31,243,11.670066081995303,32.559443125291935,-28.52904993292451,33.15696245595634,50.617283950617285
AGG,iShares Core US Aggregate Bond,US Bonds,ETF,2003-10-31,2026-07-31,274,3.099733184570748,4.419373163992665,-4.145014393547597,6.662427851866659,58.3941605839416
BND,Vanguard Total Bond Market,US Bonds,ETF,2007-05-31,2026-07-31,231,3.064852248089394,4.538289131260177,-4.183022313465823,5.136703916535579,61.038961038961034
LTPZ,PIMCO 15+ Year U.S. TIPS ETF,US Bonds,ETF,2009-10-31,2026-07-31,202,3.4540309925857713,11.909955591109878,-14.922613293121234,8.623901898754793,55.44554455445545
SCHP,Schwab U.S. TIPS ETF,US Bonds,ETF,2010-09-30,2026-07-31,191,2.7945419726235867,4.968642883109615,-6.780856956933922,4.427534815034129,61.78010471204188
STIP,iShares 0-5 Year TIPS Bond ETF,US Bonds,ETF,2011-01-31,2026-07-31,187,2.3580617034062454,2.197586353779808,-3.0161654777244307,1.973097736465168,61.49732620320856
TIP,iShares TIPS Bond,US Bonds,ETF,2004-01-31,2026-07-31,271,3.615633557459377,5.674774742968963,-8.08949488120556,6.50351062795218,63.09963099630996
VTIP,Vanguard Short-Term TIPS ETF,US Bonds,ETF,2012-11-30,2026-07-31,165,2.232986409002532,2.244635190475526,-2.945323521190235,1.9833397935858699,63.63636363636363
FIPDX,Fidelity Inflation-Prot Bond Index,US Bonds,MUTUALFUND,2012-06-30,2026-07-31,170,1.9320953324208918,4.911406657432838,-6.595553369775264,4.335009444569815,60.0
VAIPX,Vanguard Inflation-Protected Securities Adm,US Bonds,MUTUALFUND,2005-07-31,2026-07-31,253,3.3053062517416327,5.613054723959729,-8.824814554198968,5.921187028530084,62.450592885375485
VBIIX,Vanguard Intermediate-Term Bond Index Inv,US Bonds,MUTUALFUND,1994-03-31,2026-07-31,389,4.8711881307842395,5.278421116842089,-4.971092176901026,5.69322019548264,62.724935732647815
VBILX,Vanguard Intermediate-Term Bond Index Adm,US Bonds,MUTUALFUND,2001-12-31,2026-07-31,296,3.8931454894711814,5.444770536051124,-4.971149170090106,5.703833467300767,60.47297297297297
VBIRX,Vanguard Short-Term Bond Index Adm,US Bonds,MUTUALFUND,2001-12-31,2026-07-31,296,2.419372135289882,2.154068240416941,-1.8903879829182957,2.112230470627585,64.86486486486487
VBISX,Vanguard Short-Term Bond Index Inv,US Bonds,MUTUALFUND,1994-03-31,2026-07-31,389,3.5375694571856435,2.194795612942126,-1.900110973042235,2.4011320555898497,69.9228791773779
VBMFX,Vanguard Total Bond Market Index Inv,US Bonds,MUTUALFUND,1987-01-31,2026-07-31,475,4.98684803014605,4.233090526115637,-4.175121593495479,4.505990074677935,66.3157894736842
VBTLX,Vanguard Total Bond Market Index Adm,US Bonds,MUTUALFUND,2001-12-31,2026-07-31,296,3.113536762894594,4.211583944816122,-4.175080696764066,4.51710494876949,62.83783783783784
VIPSX,Vanguard Inflation-Protected Securities Inv,US Bonds,MUTUALFUND,2000-07-31,2026-07-31,313,4.0728919037436935,5.699010141704551,-8.833311592450277,5.988063573297087,64.21725239616613
VTAPX,Vanguard Short-Term TIPS Idx Admiral,US Bonds,MUTUALFUND,2012-11-30,2026-07-31,165,2.213878977441517,2.1292270363262937,-2.8877798168274182,1.9277888483079764,60.60606060606061
VTIPX,Vanguard Short-Term TIPS Idx Investor,US Bonds,MUTUALFUND,2012-11-30,2026-07-31,165,2.1302599713227472,2.1234550203518205,-2.87670822469982,1.9088730011205257,60.60606060606061
HYG,iShares High Yield Corp Bond,US Corporate Bonds,ETF,2007-05-31,2026-07-31,231,5.273991536822454,10.20787646973265,-11.449961517603757,16.766153359815927,64.5021645021645
LQD,iShares IG Corporate Bond,US Corporate Bonds,ETF,2002-08-31,2026-07-31,288,4.771464349106361,7.866331786293745,-10.730357428663806,13.814308181718339,60.416666666666664
VCIT,Vanguard Intermediate-Term Corporate Bond ETF,US Corporate Bonds,ETF,2009-12-31,2026-07-31,200,4.272279495993885,5.9469502495793405,-7.301787441741137,5.952158521708895,63.5
FBNDX,Fidelity Investment Grade Bond Fund,US Corporate Bonds,MUTUALFUND,1985-02-28,2026-07-31,498,5.65848011927031,4.538508851018172,-5.268247900759393,4.664361220401436,69.07630522088354
PINCX,Putnam Income A,US Corporate Bonds,MUTUALFUND,1985-02-28,2026-07-31,498,5.719167002473863,5.346285302541961,-10.537437812803141,5.711867921482616,67.67068273092369
VFSTX,Vanguard Short-Term Investment Grade Inv,US Corporate Bonds,MUTUALFUND,1985-02-28,2026-07-31,498,4.93898148324409,2.5261758808698747,-3.454303751151444,2.8272558982344043,75.70281124497991
VFSUX,Vanguard Short-Term Investment Grade Adm,US Corporate Bonds,MUTUALFUND,2001-03-31,2026-07-31,305,2.8802093547644168,2.508388618253133,-3.444699273805829,2.795944431068209,69.50819672131148
VICSX,Vanguard Intermediate-Term Corp Bond Idx Adm,US Corporate Bonds,MUTUALFUND,2009-12-31,2026-07-31,200,4.221755396771766,5.831104201388696,-7.19894109367144,5.845919740973904,61.5
VWEAX,Vanguard High-Yield Corporate Admiral,US Corporate Bonds,MUTUALFUND,2001-12-31,2026-07-31,296,5.750871847408985,7.559804086876165,-15.378445584204481,8.482114457922819,69.25675675675676
VWEHX,Vanguard High-Yield Corporate Investor,US Corporate Bonds,MUTUALFUND,1985-02-28,2026-07-31,498,7.165261626464215,6.907264849440296,-15.398418014795324,8.482132511018502,73.49397590361446
VWESX,Vanguard Long-Term Investment-Grade Inv,US Corporate Bonds,MUTUALFUND,1985-02-28,2026-07-31,498,7.123257287279712,9.016566042199472,-9.433551688145513,13.068623575106631,63.45381526104418
VWETX,Vanguard Long-Term Investment-Grade Adm,US Corporate Bonds,MUTUALFUND,2001-03-31,2026-07-31,305,5.107234011330866,10.26917260104548,-9.423305994386755,13.0815061465968,58.032786885245905
IJH,iShares Core S&P Mid-Cap ETF,US Equity,ETF,2000-06-30,2026-07-31,314,10.882570216725426,17.70000940978258,-21.2963284469035,14.752449148418023,61.78343949044586
IJS,iShares S&P SmallCap 600 Value,US Equity,ETF,2000-08-31,2026-07-31,312,11.62046171474889,20.37196880463995,-25.758754290651954,19.211984460408615,63.141025641025635
IJT,iShares S&P SmallCap 600 Growth,US Equity,ETF,2000-08-31,2026-07-31,312,11.021297883664356,19.20754995458657,-21.462308820313325,17.289454835173213,62.5
IVV,iShares Core S&P 500 ETF,US Equity,ETF,2000-06-30,2026-07-31,314,9.271440529736118,15.069361804183865,-16.632410991486545,12.678037511553718,64.01273885350318
IWC,iShares Micro-Cap ETF,US Equity,ETF,2005-09-30,2026-07-31,251,9.834911428042528,21.58159043877444,-23.764053979179568,20.503300563737128,58.56573705179283
IWM,iShares Russell 2000 ETF,US Equity,ETF,2000-06-30,2026-07-31,314,10.305065804305622,20.023104948240036,-21.477070880284487,18.24419632562073,61.146496815286625
MDY,SPDR S&P MidCap 400 ETF,US Equity,ETF,1995-06-30,2026-07-31,374,12.244682016869357,17.733319631337014,-21.547800287744035,14.77595433923058,62.03208556149733
MTUM,iShares MSCI USA Momentum Factor ETF,US Equity,ETF,2013-05-31,2026-07-31,159,15.92436382363876,16.625397413901677,-12.682018798283323,18.32993563338143,61.0062893081761
NOBL,ProShares Dividend Aristocrats,US Equity,ETF,2013-11-30,2026-07-31,153,10.784159099001117,14.041874936878006,-13.723859800374393,11.955955843651257,64.05228758169935
QQQ,Invesco Nasdaq-100 ETF,US Equity,ETF,1999-04-30,2026-07-31,328,12.874505245196666,23.310103941105826,-26.205323634020527,24.319648898888623,59.45121951219512
QUAL,iShares MSCI USA Quality Factor ETF,US Equity,ETF,2013-08-31,2026-07-31,156,13.876569705153486,14.635384887372172,-11.38999562357238,12.277887278337719,65.38461538461539
SPHB,Invesco S&P 500 High Beta ETF,US Equity,ETF,2011-06-30,2026-07-31,182,15.747183194315578,24.51089992700271,-26.79562652711792,25.904905512459987,59.34065934065934
SPY,SPDR S&P 500 ETF,US Equity,ETF,1993-02-28,2026-07-31,402,11.374021619416194,14.759043339045602,-16.51866444364849,12.69836934642723,64.92537313432835
USMV,iShares MSCI USA Min Vol Factor ETF,US Equity,ETF,2011-11-30,2026-07-31,177,11.447049148014393,11.120962709125767,-11.301054889474937,9.368634098460916,66.66666666666666
VB,Vanguard Small-Cap ETF,US Equity,ETF,2004-02-29,2026-07-31,270,11.272753711481743,18.914156884368843,-21.959745638346963,18.656121214894483,63.33333333333333
VBR,Vanguard Small-Cap Value ETF,US Equity,ETF,2004-02-29,2026-07-31,270,11.088995204877968,19.06421832336346,-25.074431389924012,19.56268092541378,64.07407407407408
VIG,Vanguard Dividend Appreciation ETF,US Equity,ETF,2006-06-30,2026-07-31,242,10.710936858172257,13.28154217160038,-14.10658714345806,10.036616490909168,66.94214876033058
VLUE,iShares MSCI USA Value Factor ETF,US Equity,ETF,2013-05-31,2026-07-31,159,14.072310912845218,17.766124328602974,-18.320364049370074,18.585011261035223,62.264150943396224
VO,Vanguard Mid-Cap ETF,US Equity,ETF,2004-02-29,2026-07-31,270,11.254930909653336,16.913964619968628,-21.984468145710466,14.245829561273272,61.85185185185185
VTI,Vanguard Total US Market ETF,US Equity,ETF,2001-07-31,2026-07-31,301,10.428394155176418,15.338012103057796,-17.477709367620953,13.133200170045246,65.11627906976744
VYM,Vanguard High Dividend Yield ETF,US Equity,ETF,2006-12-31,2026-07-31,236,10.003113763659819,14.528642797801039,-14.84744454171304,12.257990768579031,61.440677966101696
^DJI,Dow Jones Industrial Avg,US Equity,INDEX,1992-02-29,2026-07-31,414,9.14326443402868,14.432954962840029,-15.132008624426419,13.950803609134166,63.52657004830918
^GSPC,S&P 500 Index,US Equity,INDEX,1985-02-28,2026-07-31,498,10.168570085419768,15.102200217023585,-21.763041421998008,13.176689368870086,63.85542168674698
^IXIC,Nasdaq Composite Index,US Equity,INDEX,1985-02-28,2026-07-31,498,13.238285542617485,21.121292191343823,-27.233851749818772,21.975869436690807,61.64658634538153
^RUT,Russell 2000 Index,US Equity,INDEX,1987-10-31,2026-07-31,466,9.388109832462021,19.825259888632907,-30.765175442577252,18.28687856793514,61.587982832618025
AIVSX,American Funds Invmt Co of Amer A,US Equity,MUTUALFUND,1986-02-28,2026-07-31,486,10.735453454515557,13.563727384687422,-17.4356323442052,11.930929183205263,63.580246913580254
BRSIX,Bridgeway Ultra-Small Company Market,US Equity,MUTUALFUND,1997-08-31,2026-07-31,348,11.694746307939091,21.42579352885666,-26.26865331972197,24.905662145395404,61.206896551724135
FFIDX,Fidelity Fund,US Equity,MUTUALFUND,1985-02-28,2026-07-31,498,11.48671192298005,15.554849055091385,-24.67871154514103,13.193448239471639,64.05622489959839
FMAGX,Fidelity Magellan Fund,US Equity,MUTUALFUND,1985-02-28,2026-07-31,498,12.003859919519694,17.032852623971692,-25.805341622803457,13.910118082343036,63.85542168674698
MIGFX,MFS Massachusetts Inv Gr Stk A,US Equity,MUTUALFUND,1985-02-28,2026-07-31,498,8.862733945351605,17.97739129957161,-24.027989373807934,15.903864914387245,58.835341365461844
MITTX,MFS Massachusetts Investors Tr A,US Equity,MUTUALFUND,1985-02-28,2026-07-31,498,8.682912591104639,15.031682141220301,-22.1350929152778,13.730366130623084,62.85140562248996
NAESX,Vanguard Small Cap Index Inv,US Equity,MUTUALFUND,1985-02-28,2026-07-31,498,10.385293355194387,19.57331048048242,-32.104287147673794,18.253919990812495,62.24899598393574
OTCFX,T. Rowe Price Small-Cap Stock,US Equity,MUTUALFUND,1985-02-28,2026-07-31,498,10.283714109688091,17.81955509662591,-29.022550250686308,16.027147513556383,62.65060240963856
PIODX,Victory Pioneer A,US Equity,MUTUALFUND,1985-02-28,2026-07-31,498,9.745941582884274,15.194173478800174,-24.398614954209673,12.804850995555528,63.25301204819277
PIORX,Victory Pioneer R,US Equity,MUTUALFUND,2003-04-30,2026-07-31,280,11.890148725994996,14.888073233911832,-16.18974552681013,12.77803160576887,65.35714285714286
TEPLX,Templeton Growth A,US Equity,MUTUALFUND,1986-02-28,2026-07-31,486,8.062266908098344,15.56553597941391,-23.329446461053482,12.698424933206788,61.934156378600825
VDADX,Vanguard Dividend Appreciation Index Adm,US Equity,MUTUALFUND,2014-01-31,2026-07-31,151,11.989847145432817,13.00192594981866,-9.638911932453532,10.117282929540528,66.22516556291392
VEXAX,Vanguard Extended Market Index Adm,US Equity,MUTUALFUND,2000-12-31,2026-07-31,308,10.252792633022347,19.224261897181265,-21.505703674715416,18.304146871317826,61.038961038961034
VEXMX,Vanguard Extended Market Index Inv,US Equity,MUTUALFUND,1988-01-31,2026-07-31,463,11.9806938710007,18.560615390926518,-21.507980868546174,18.293070090480136,62.419006479481645
VEXPX,Vanguard Explorer Fund Investor,US Equity,MUTUALFUND,1985-02-28,2026-07-31,498,10.681652568674943,19.31667155342787,-28.091817044289837,20.052380612488264,61.84738955823293
VEXRX,Vanguard Explorer Fund Admiral,US Equity,MUTUALFUND,2001-12-31,2026-07-31,296,11.057374833689101,18.848574476455738,-20.728292548987714,16.69240152211975,61.82432432432432
VFIAX,Vanguard 500 Index Fund Admiral,US Equity,MUTUALFUND,2000-12-31,2026-07-31,308,9.767769649285707,15.112327794881733,-16.783122613177113,12.818602796378741,66.23376623376623
VFINX,Vanguard 500 Index Fund Investor,US Equity,MUTUALFUND,1985-02-28,2026-07-31,498,11.916877157085878,15.218438814538723,-21.726941575193813,13.26738835008836,65.66265060240963
VFTAX,Vanguard FTSE Social Index Fund Adm,US Equity,MUTUALFUND,2019-03-31,2026-07-31,89,16.719686164418974,17.751003807697334,-13.267606679453625,13.454404157193412,65.1685393258427
VHYAX,Vanguard High Dividend Yield Index Adm,US Equity,MUTUALFUND,2019-03-31,2026-07-31,89,12.68859660734053,15.262800357506734,-13.590087860557098,12.307022409658085,60.67415730337079
VICEX,USA Mutuals Vice Investor,US Equity,MUTUALFUND,2002-10-31,2026-07-31,286,8.940408114312046,15.137077924041964,-18.563106362874603,15.02798547772224,62.58741258741259
VIGAX,Vanguard Growth Index Admiral,US Equity,MUTUALFUND,2000-12-31,2026-07-31,308,10.673690876087209,16.815773449203267,-17.712967537136194,15.122583373137367,60.71428571428571
VIGRX,Vanguard Growth Index Investor,US Equity,MUTUALFUND,1992-11-30,2026-07-31,405,12.295904727688459,16.519943045853694,-17.712995764760507,15.10460950691137,61.97530864197531
VIMAX,Vanguard Mid Cap Index Admiral,US Equity,MUTUALFUND,2001-12-31,2026-07-31,296,11.136900689674503,16.84571504705288,-21.928994980713025,14.403075587605606,62.16216216216216
VIMSX,Vanguard Mid Cap Index Investor,US Equity,MUTUALFUND,1998-06-30,2026-07-31,338,10.684763632204586,17.59502234626406,-21.927098617758823,14.408892422769014,60.05917159763313
VISGX,Vanguard Small Cap Growth Index Inv,US Equity,MUTUALFUND,1998-06-30,2026-07-31,338,10.831269930049562,20.637844908928393,-22.148844514212996,20.996369675366022,61.24260355029586
VISVX,Vanguard Small Cap Value Index Inv,US Equity,MUTUALFUND,1998-06-30,2026-07-31,338,10.768251001176646,19.353508046400652,-24.95911008003261,19.760493549502577,62.721893491124256
VIVAX,Vanguard Value Index Inv,US Equity,MUTUALFUND,1992-11-30,2026-07-31,405,10.795111215441544,14.703490832142025,-16.552347060152982,12.834604787435078,64.44444444444444
VMGIX,Vanguard Mid-Cap Growth Index Investor,US Equity,MUTUALFUND,2006-09-30,2026-07-31,239,11.085279510090585,18.575666529708954,-21.809393528800104,15.860247648849235,60.25104602510461
VMGMX,Vanguard Mid-Cap Growth Index Admiral,US Equity,MUTUALFUND,2011-10-31,2026-07-31,178,13.652406404442502,17.042148886692544,-15.104384524204551,15.862835030426448,61.79775280898876
VMVAX,Vanguard Mid-Cap Value Index Admiral,US Equity,MUTUALFUND,2011-10-31,2026-07-31,178,13.48301680939338,15.732396011127383,-21.99946466439554,13.422968181992779,67.41573033707866
VMVIX,Vanguard Mid-Cap Value Index Investor,US Equity,MUTUALFUND,2006-09-30,2026-07-31,239,10.483874628493039,17.583937349384453,-22.082342062303383,16.160679499289078,64.43514644351464
VSGAX,Vanguard Small Cap Growth Index Admiral,US Equity,MUTUALFUND,2011-10-31,2026-07-31,178,13.590274657231847,18.5570090900505,-18.3493439983483,16.474356993684914,63.48314606741573
VSIAX,Vanguard Small Cap Value Index Admiral,US Equity,MUTUALFUND,2011-10-31,2026-07-31,178,13.857983255754206,18.024979216465855,-24.952479853564512,17.691525221945437,65.1685393258427
VSMAX,Vanguard Small Cap Index Admiral,US Equity,MUTUALFUND,2000-12-31,2026-07-31,308,10.656446415768931,19.245806846407138,-21.86930545913459,18.310674724631994,62.66233766233766
VTSAX,Vanguard Total Stock Market Index Adm,US Equity,MUTUALFUND,2000-12-31,2026-07-31,308,10.134553376226584,15.505602547473782,-17.628393709408808,13.258924376277381,65.5844155844156
VTSMX,Vanguard Total Stock Market Index Inv,US Equity,MUTUALFUND,1992-05-31,2026-07-31,411,11.359662919845507,15.063412098171428,-17.6284405761271,13.2472409422979,65.69343065693431
VVIAX,Vanguard Value Index Admiral,US Equity,MUTUALFUND,2000-12-31,2026-07-31,308,8.803828504469745,15.149783753533331,-16.55243231054162,12.8628944097666,63.31168831168831
VWELX,Vanguard Wellington Fund Investor,US Equity,MUTUALFUND,1985-02-28,2026-07-31,498,10.227847975464455,10.102823630384547,-13.203294893954542,8.8958526325148,66.66666666666666
VWENX,Vanguard Wellington Fund Admiral,US Equity,MUTUALFUND,2001-06-30,2026-07-31,302,8.532371920743536,9.888492791094263,-12.183373591968527,8.009352186829478,65.89403973509934
VWIAX,Vanguard Wellesley Income Admiral,US Equity,MUTUALFUND,2001-06-30,2026-07-31,302,6.238261618113395,6.618308866509579,-7.182008191171607,5.726458194665862,67.54966887417218
VWINX,Vanguard Wellesley Income Investor,US Equity,MUTUALFUND,1985-02-28,2026-07-31,498,8.528465519147083,6.842936228598731,-7.1939019944006315,6.31363641930589,68.87550200803213
VWNAX,Vanguard Windsor II Admiral,US Equity,MUTUALFUND,2001-06-30,2026-07-31,302,9.360168243229838,15.04443267934554,-17.398186548224793,13.32473360170139,65.23178807947019
VWNDX,Vanguard Windsor Fund Investor,US Equity,MUTUALFUND,1985-02-28,2026-07-31,498,10.98531184189099,16.451883528309946,-20.226612277245128,17.29526367248142,62.65060240963856
VWNEX,Vanguard Windsor Fund Admiral,US Equity,MUTUALFUND,2001-12-31,2026-07-31,296,9.610624817483172,16.558398372785845,-18.09299365471839,17.3377630151899,62.83783783783784
VWNFX,Vanguard Windsor II Investor,US Equity,MUTUALFUND,1985-07-31,2026-07-31,493,11.615441648605119,14.824380153166263,-17.923264008998064,13.314191116838403,65.72008113590265
MUB,iShares National Muni Bond,US Municipal Bonds,ETF,2007-10-31,2026-07-31,226,3.2093038184216534,5.178160375928439,-4.641792826159119,5.708155070981569,61.06194690265486
VWITX,Vanguard Intermediate-Term Tax-Exempt Inv,US Municipal Bonds,MUTUALFUND,1985-02-28,2026-07-31,498,5.151213819790787,4.305772546436785,-6.031880975438719,5.078749629908663,67.46987951807229
VWIUX,Vanguard Intermediate-Term Tax-Exempt Adm,US Municipal Bonds,MUTUALFUND,2001-03-31,2026-07-31,305,3.2427004569131848,4.131646093125212,-4.0767027247096355,5.078795720013196,64.91803278688525
VWLTX,Vanguard Long-Term Tax-Exempt Inv,US Municipal Bonds,MUTUALFUND,1985-02-28,2026-07-31,498,5.407393701789637,5.639149054902817,-7.228088234122742,7.61694802118682,65.06024096385542
VWLUX,Vanguard Long-Term Tax-Exempt Adm,US Municipal Bonds,MUTUALFUND,2001-03-31,2026-07-31,305,3.7337235314179704,5.424367732164519,-5.2738434923766615,7.616910332297344,63.934426229508205
VWSTX,Vanguard Ultra Short-Term Tax-Exempt Inv,US Municipal Bonds,MUTUALFUND,1985-02-28,2026-07-31,498,3.0549628297138165,1.0519236712163003,-0.8118306127697261,1.4705812596726542,83.73493975903614
VWSUX,Vanguard Ultra Short-Term Tax-Exempt Adm,US Municipal Bonds,MUTUALFUND,2001-03-31,2026-07-31,305,1.7678786749531221,0.9437017531659067,-0.8259280979204031,1.4770973291124312,76.72131147540983
IYR,iShares US Real Estate ETF,US REIT,ETF,2000-07-31,2026-07-31,313,10.155239359930668,19.911219340880805,-31.3156096191299,29.615125810876552,63.897763578274756
VNQ,Vanguard Real Estate ETF,US REIT,ETF,2004-10-31,2026-07-31,262,9.851512720153496,21.47619703384313,-31.726973060149668,30.683623500437896,60.30534351145038
VGSIX,Vanguard Real Estate Index Investor,US REIT,MUTUALFUND,1996-06-30,2026-07-31,362,10.760723634356422,19.697741953372176,-31.231408249089434,31.311898723661535,61.04972375690608
VGSLX,Vanguard Real Estate Index Admiral,US REIT,MUTUALFUND,2001-12-31,2026-07-31,296,10.155058041803597,20.754041624610526,-31.223065891581314,31.226389252483088,62.16216216216216
EDV,Vanguard Extended Duration Treasury ETF,US Treasuries,ETF,2008-02-29,2026-07-31,222,4.584274281039867,21.340857497711955,-21.469702538904823,23.76424737315519,47.74774774774775
IEF,iShares 7-10yr Treasury,US Treasuries,ETF,2002-08-31,2026-07-31,288,3.6946056001975536,6.631606425706618,-5.020029406860694,7.753859906915128,54.513888888888886
SHY,iShares 1-3yr Treasury,US Treasuries,ETF,2002-08-31,2026-07-31,288,1.9633613040928775,1.493035383757033,-1.4018095612745585,1.792838479812242,66.31944444444444
TLT,iShares 20+yr Treasury Bond,US Treasuries,ETF,2002-08-31,2026-07-31,288,4.4236395547861544,13.46115612641579,-13.070796966695697,14.341351713689999,53.125
VGIT,Vanguard Intermediate-Term Treasury ETF,US Treasuries,ETF,2009-12-31,2026-07-31,200,2.183616484712671,4.232552395782781,-3.3145758530853886,3.102647141071646,53.5
VGLT,Vanguard Long-Term Treasury ETF,US Treasuries,ETF,2010-02-28,2026-07-31,198,3.2713122763941533,12.369431056287176,-9.186023617207962,10.654629122200987,50.0
VGSH,Vanguard Short-Term Treasury ETF,US Treasuries,ETF,2009-12-31,2026-07-31,200,1.3969519609005516,1.3722740678200414,-1.4173595727526078,1.686680189215095,63.0
VFIRX,Vanguard Short-Term Treasury Fund Adm,US Treasuries,MUTUALFUND,2001-03-31,2026-07-31,305,2.2904465259215265,1.845983484424351,-1.512771989542061,2.175968392373928,67.54098360655738
VFISX,Vanguard Short-Term Treasury Fund Inv,US Treasuries,MUTUALFUND,1991-11-30,2026-07-31,417,3.375419966905091,2.0148288034184625,-1.5222397096916973,2.1662281255192095,70.9832134292566
VFITX,Vanguard Intermediate-Term Treasury Inv,US Treasuries,MUTUALFUND,1991-11-30,2026-07-31,417,4.553077679239645,4.8421035053705035,-3.8764923312151645,5.588787830814956,61.15107913669065
VFIUX,Vanguard Intermediate-Term Treasury Adm,US Treasuries,MUTUALFUND,2001-03-31,2026-07-31,305,3.3823338035946886,4.7176666055057375,-3.85975304753029,5.597663398551456,57.377049180327866
VLGSX,Vanguard Long-Term Treasury Index Adm,US Treasuries,MUTUALFUND,2009-12-31,2026-07-31,200,2.9320072471578125,12.362129951579902,-8.915389849802969,10.642026778144276,50.0
VSBSX,Vanguard Short-Term Treasury Index Adm,US Treasuries,MUTUALFUND,2009-12-31,2026-07-31,200,1.3730770167705204,1.3407736435116355,-1.4064960935788462,1.599232054059918,63.5
VSIGX,Vanguard Intermediate-Term Treasury Index Adm,US Treasuries,MUTUALFUND,2009-12-31,2026-07-31,200,2.1502235406318917,4.196409606373934,-3.2829729140652963,3.0661386916254862,53.5
VUSTX,Vanguard Long-Term Treasury Inv,US Treasuries,MUTUALFUND,1986-06-30,2026-07-31,482,6.137982272199542,10.55372868289738,-8.933531518492222,12.074024509304504,58.298755186722
VUSUX,Vanguard Long-Term Treasury Admiral,US Treasuries,MUTUALFUND,2001-03-31,2026-07-31,305,4.225314950331841,11.77776536039091,-8.924823614290545,12.083307279597344,55.08196721311476
^FVX,CBOE 5yr Treasury Yield,US Treasuries,YIELD,1985-02-28,2026-07-31,498,5.273608889212387,39.09975547979771,-58.92661499537982,75.16930982326953,47.99196787148594
^TNX,CBOE 10yr Treasury Yield,US Treasuries,YIELD,1985-02-28,2026-07-31,498,1.7172742791388789,27.88485364666517,-38.06565840497967,33.5773070022966,48.19277108433735
^TYX,CBOE 30yr Treasury Yield,US Treasuries,YIELD,1985-02-28,2026-07-31,498,0.1774431576830317,20.469194596250496,-22.827645724895728,33.890744929153094,48.19277108433735
^VIX,CBOE Volatility Index,Volatility,INDEX,1990-02-28,2026-07-31,438,23.867987768786676,74.96537010871242,-45.89689782440855,134.57096182855562,46.80365296803653
VT,Vanguard Total World Stock ETF,World Equity,ETF,2008-07-31,2026-07-31,217,9.841462074423385,16.649420985694732,-21.436890292484357,12.368644977562116,62.21198156682027
OPPAX,Invesco Global Fund A,World Equity,MUTUALFUND,1985-02-28,2026-07-31,498,10.837347831394872,18.582912919994243,-39.7199689948205,16.34254416181211,60.8433734939759
VGPMX,Vanguard Global Capital Cycles Investor,World Equity,MUTUALFUND,1985-02-28,2026-07-31,498,11.054836701439042,28.476858790830956,-39.91935985565913,39.40597946548616,54.01606425702812
VTWAX,Vanguard Total World Stock Index Admiral,World Equity,MUTUALFUND,2019-03-31,2026-07-31,89,13.690007159134865,16.11781900172239,-14.652508234251883,12.49102825547741,64.04494382022472
