ticker,name,asset_class,sector,first_date,last_date,n_trading_days,ann_return_pct,ann_vol_pct,min_daily_pct,max_daily_pct,pct_positive_days
DBC,Invesco DB Commodity Index,Commodities,ETF,2006-02-07,2026-07-17,5141,3.970948194431819,19.289703552470165,-7.944429064906289,6.874407204403532,51.604746158334954
GSG,iShares S&P GSCI Commodity,Commodities,ETF,2006-07-24,2026-07-17,5026,0.6126914136498699,23.469338684915257,-12.081061574060659,7.619572108655692,51.03461997612415
PDBC,Invesco Optimum Yield Commodity,Commodities,ETF,2014-11-10,2026-07-17,2936,5.437942929555043,18.066894120232856,-7.869876288323541,4.767512737637869,51.70299727520435
USO,United States Oil Fund,Commodities,ETF,2006-04-11,2026-07-17,5097,-0.2248769639938485,37.058157530112304,-25.315002029698707,16.666666666666675,51.186972729056315
PCRIX,PIMCO Commodity Real Ret Strat Instl,Commodities,MUTUALFUND,2002-07-02,2026-07-16,6047,6.123540389952288,17.757081448538585,-9.10609582271974,7.6840172555702635,49.842897304448485
UUP,Invesco DB US Dollar Bullish,Currency,ETF,2007-03-02,2026-07-17,4874,1.9902484850138031,8.078714950136197,-3.7894200836417036,4.0630416749103615,48.68691013541239
BITO,ProShares Bitcoin Strategy ETF,Digital Assets,ETF,2021-10-21,2026-07-17,1187,8.806736283814935,54.814680450077105,-20.2228359890412,22.285727144975365,47.93597304128054
GBTC,Grayscale Bitcoin Trust,Digital Assets,ETF,2015-05-12,2026-07-17,2811,74.2498787877353,81.62694023865163,-28.55257117119523,41.15644441263886,49.5908929206688
IBIT,iShares Bitcoin Trust ETF,Digital Assets,ETF,2024-01-12,2026-07-17,628,24.856266447474788,49.8657194525209,-14.406068464441368,13.458460180679932,48.40764331210191
EMB,iShares EM USD Bond ETF,EM Bonds,ETF,2007-12-20,2026-07-17,4670,5.10308959938569,10.744823988288237,-10.110347121896124,6.729659789816433,53.6830835117773
CMCSA,CMCSA common stock,Equity (single stock),Communication Srv,1980-03-18,2026-07-17,11676,19.177838053302825,35.07072276379619,-19.148725002983458,24.52270043631346,46.557040082219935
DIS,DIS common stock,Equity (single stock),Communication Srv,1962-01-03,2026-07-17,16241,16.500790896216685,31.399023268858723,-29.09443929380067,19.09544715428291,48.402191983252266
GOOGL,GOOGL common stock,Equity (single stock),Communication Srv,2004-08-20,2026-07-17,5510,27.195152910924048,30.692964617141378,-11.634148066860927,19.991526220267474,52.577132486388386
META,META common stock,Equity (single stock),Communication Srv,2012-05-21,2026-07-17,3558,27.997693217096632,39.849710503127675,-26.39008769408253,29.611484608231574,52.220348510399106
NFLX,NFLX common stock,Equity (single stock),Communication Srv,2002-05-24,2026-07-17,6074,41.36972113836079,54.41983201878183,-40.90642268179372,42.223507313003395,50.49390846229832
T,T common stock,Equity (single stock),Communication Srv,1983-11-22,2026-07-17,10744,13.533938367941001,24.64729173384374,-12.661142199255671,16.280067035935808,49.80454206999255
TMUS,TMUS common stock,Equity (single stock),Communication Srv,2007-04-20,2026-07-17,4840,15.846091536609075,39.83442620559495,-36.58838589386881,36.78342853408223,52.00413223140495
VZ,VZ common stock,Equity (single stock),Communication Srv,1983-11-22,2026-07-17,10744,11.62133403271505,23.59251196694222,-17.54687954583477,14.63241799476993,49.43224125093075
AMZN,AMZN common stock,Equity (single stock),Consumer Discretionary,1997-05-16,2026-07-17,7336,41.779695067561924,54.992969050593864,-24.766067578651175,34.47136193726126,51.04961832061069
BKNG,BKNG common stock,Equity (single stock),Consumer Discretionary,1999-04-01,2026-07-17,6864,26.104544884398038,59.68514701633928,-42.33025600790336,37.21592368501365,51.06351981351981
F,F common stock,Equity (single stock),Consumer Discretionary,1972-06-02,2026-07-17,13642,14.155986628349549,35.77594184108797,-25.000021181749577,29.51810293797774,47.251136197038555
GM,GM common stock,Equity (single stock),Consumer Discretionary,2010-11-19,2026-07-17,3935,12.86669987865241,34.4324842073394,-17.32284965125518,19.94319799934918,51.10546378653113
HD,HD common stock,Equity (single stock),Consumer Discretionary,1981-09-23,2026-07-17,11293,28.662337733316917,35.99113535651855,-28.735678860453685,32.928855553998496,48.63189586469495
LOW,LOW common stock,Equity (single stock),Consumer Discretionary,1980-03-18,2026-07-17,11676,20.728114257553404,35.20397599190078,-41.30433954517593,18.43579289105255,48.62966769441589
MAR,MAR common stock,Equity (single stock),Consumer Discretionary,1998-03-24,2026-07-17,7122,17.54469767943661,33.98531697376067,-21.052615575821953,19.482044442126334,51.02499297950014
MCD,MCD common stock,Equity (single stock),Consumer Discretionary,1966-07-06,2026-07-17,15106,17.406765556804856,28.862097542471975,-50.719377888271325,18.125441155479514,49.7616840990335
NKE,NKE common stock,Equity (single stock),Consumer Discretionary,1980-12-03,2026-07-17,11496,18.804338059651037,34.39393636217648,-19.980887001579937,16.66686658638641,48.14718162839248
SBUX,SBUX common stock,Equity (single stock),Consumer Discretionary,1992-06-29,2026-07-17,8571,24.818169450141685,37.371285991568165,-28.286207951348196,24.49697624149558,49.5974798739937
TJX,TJX common stock,Equity (single stock),Consumer Discretionary,1987-06-29,2026-07-17,9836,21.38473080180836,34.347640489578,-33.49277248702348,23.52947041344018,49.33916226108174
TSLA,TSLA common stock,Equity (single stock),Consumer Discretionary,2010-06-30,2026-07-17,4035,50.46715350302918,57.369667284243995,-21.062824320390796,24.395075824616306,51.59851301115241
CL,CL common stock,Equity (single stock),Consumer Staples,1973-05-03,2026-07-17,13413,13.322583608899475,25.337866363714166,-19.318148032219195,19.971062823324125,47.43159621262954
COST,COST common stock,Equity (single stock),Consumer Staples,1986-07-10,2026-07-17,10081,17.009914698362735,30.979072503687316,-23.49725753477825,19.3798305781562,49.300664616605495
EL,EL common stock,Equity (single stock),Consumer Staples,1995-11-20,2026-07-17,7712,13.904387915021019,32.79598880090086,-20.895015726976617,18.47092395812735,49.62396265560166
KO,KO common stock,Equity (single stock),Consumer Staples,1962-01-03,2026-07-17,16241,14.282743339342813,22.787905595026064,-24.691379496154685,19.672185717096834,49.14721999876855
MDLZ,MDLZ common stock,Equity (single stock),Consumer Staples,2001-06-14,2026-07-17,6308,9.123599093002703,21.271921319128868,-13.597336690228023,11.280700326939176,51.093849080532664
MO,MO common stock,Equity (single stock),Consumer Staples,1962-01-03,2026-07-17,16241,19.348064132773978,25.400379875006244,-23.001955497287184,16.375284566662064,50.28015516285943
PEP,PEP common stock,Equity (single stock),Consumer Staples,1972-06-02,2026-07-17,13642,13.908532154300815,24.189308436545783,-14.285674723799657,16.143533892391094,47.31710892830963
PG,PG common stock,Equity (single stock),Consumer Staples,1962-01-03,2026-07-17,16241,12.265581525123203,21.27350766601755,-30.2358867285633,22.199690419388297,48.95018779631796
PM,PM common stock,Equity (single stock),Consumer Staples,2008-03-18,2026-07-17,4611,15.103643433981723,23.598096618961215,-15.575736587494571,13.210905126848438,52.63500325309044
TGT,TGT common stock,Equity (single stock),Consumer Staples,1973-02-22,2026-07-17,13462,17.741346129095056,32.36733586786666,-32.96091097976179,20.42559375541282,48.224632298321204
WMT,WMT common stock,Equity (single stock),Consumer Staples,1972-08-28,2026-07-17,13582,21.342232052001666,29.11928255994774,-16.825204162598784,15.6031717437892,48.54955087615963
COP,COP common stock,Equity (single stock),Energy,1982-01-04,2026-07-17,11223,16.17057477320041,32.8056403985331,-24.840043533388933,25.213836656505826,48.42733671923728
CVX,CVX common stock,Equity (single stock),Energy,1962-01-03,2026-07-17,16241,13.298279004920108,25.601808014800447,-22.124756466828167,22.740722966057714,48.90092974570531
EOG,EOG common stock,Equity (single stock),Energy,1989-10-05,2026-07-17,9261,19.713501878835906,38.358624655874486,-32.00726058459047,20.406148369881993,49.616672065651656
KMI,KMI common stock,Equity (single stock),Energy,2011-02-14,2026-07-17,3877,9.265048115890174,28.480920850948955,-21.044314888700676,16.772424940067676,49.98710343048749
MPC,MPC common stock,Equity (single stock),Energy,2011-06-27,2026-07-17,3785,29.533365844631565,39.20835431128715,-27.008926527776033,20.628557725638675,53.685601056803165
OXY,OXY common stock,Equity (single stock),Energy,1982-01-04,2026-07-17,11223,14.444315814230691,35.67932925183229,-52.01380810825839,33.69780530781898,47.15316760224539
PSX,PSX common stock,Equity (single stock),Energy,2012-04-13,2026-07-17,3584,21.818535729316626,33.564543879124805,-15.865810482304376,22.172218967872315,52.734375
SLB,SLB common stock,Equity (single stock),Energy,1982-01-04,2026-07-17,11223,11.582494296523778,36.07766676538282,-27.42137983766075,19.90803514533428,48.68573465205382
WMB,WMB common stock,Equity (single stock),Energy,1982-01-04,2026-07-17,11223,21.295025156375978,45.95671007606767,-61.04652859618926,101.01005645771033,48.97086340550655
XOM,XOM common stock,Equity (single stock),Energy,1962-01-03,2026-07-17,16241,14.219409945266229,23.0068903144454,-23.42859746084731,17.910395127519262,49.00560310325719
AIG,AIG common stock,Equity (single stock),Financials,1973-01-03,2026-07-17,13496,12.365896140001386,42.20415422926929,-60.79078377368133,65.99996696806387,48.1031416716064
AXP,AXP common stock,Equity (single stock),Financials,1972-06-02,2026-07-17,13642,16.481891461727507,34.63411179039299,-26.22943640039589,21.88225694890513,48.54859991203636
BAC,BAC common stock,Equity (single stock),Financials,1973-02-22,2026-07-17,13462,13.915100448939837,37.40485643796894,-28.969367060267793,35.26910499465856,46.02585054226712
BLK,BLK common stock,Equity (single stock),Financials,1999-10-04,2026-07-17,6736,23.747075523197513,33.524421089696105,-15.524167992938963,19.560972563851543,51.69239904988123
BRK-B,BRK-B common stock,Equity (single stock),Financials,1996-05-10,2026-07-17,7593,12.583962067957497,22.133297043458835,-10.944000244140629,19.26406399179328,49.8353746872119
C,C common stock,Equity (single stock),Financials,1977-01-04,2026-07-17,12485,13.808590402774534,39.66888895028627,-39.024393590136775,57.824877201491034,47.74529435322387
CB,CB common stock,Equity (single stock),Financials,1993-03-26,2026-07-17,8383,17.462042064763146,30.674048767915668,-19.75801046879684,20.753174695272158,50.2922581414768
GS,GS common stock,Equity (single stock),Financials,1999-05-05,2026-07-17,6841,17.86344683325365,36.05839169387815,-18.959595823871656,26.467835534198336,51.20596404034497
JPM,JPM common stock,Equity (single stock),Financials,1980-03-18,2026-07-17,11676,18.6183362592128,34.95773418764124,-27.719295485426166,25.09668013298416,49.109284001370334
MA,MA common stock,Equity (single stock),Financials,2006-05-26,2026-07-17,5065,29.48576879029929,32.29753737800203,-12.725445941248648,20.846253812066863,53.820335636722604
MS,MS common stock,Equity (single stock),Financials,1993-02-24,2026-07-17,8405,22.148394581064295,45.04799548607083,-25.89284771327084,86.98346091551355,50.50565139797739
PNC,PNC common stock,Equity (single stock),Financials,1975-11-18,2026-07-17,12769,16.548138219943482,30.930688317005984,-41.39585033542224,37.09088847394415,45.58696843918866
SCHW,SCHW common stock,Equity (single stock),Financials,1987-09-23,2026-07-17,9776,25.163123651680298,43.92718549604871,-17.346957311534972,26.13920591466412,47.90302782324059
SPGI,SPGI common stock,Equity (single stock),Financials,1973-02-22,2026-07-17,13462,18.023171891912344,29.59236322943532,-18.949312557389288,23.84229074131372,48.343485366216015
USB,USB common stock,Equity (single stock),Financials,1973-05-04,2026-07-17,13412,15.698770569200567,29.017151402000724,-18.165288249362032,29.385961875814438,41.09752460483149
V,V common stock,Equity (single stock),Financials,2008-03-20,2026-07-17,4609,22.460205060433896,28.414189241141102,-13.643491799241447,14.997285862699217,53.72098068995443
WFC,WFC common stock,Equity (single stock),Financials,1972-06-02,2026-07-17,13642,17.272395952023,32.91547817876192,-23.822244451739728,32.76452617158079,46.30552704881982
ABBV,ABBV common stock,Equity (single stock),Healthcare,2013-01-03,2026-07-17,3403,22.288400339292338,26.39436681833598,-16.252406527949127,13.767317216109243,53.776079929473994
ABT,ABT common stock,Equity (single stock),Healthcare,1980-03-18,2026-07-17,11676,16.94631707572375,25.44261823417128,-16.1374615558873,12.466362139667343,49.56320657759507
BMY,BMY common stock,Equity (single stock),Healthcare,1972-06-02,2026-07-17,13642,13.465847702125258,26.37242869551988,-21.784978463788807,15.878410705236945,48.592581732883744
CI,CI common stock,Equity (single stock),Healthcare,1982-04-01,2026-07-17,11161,16.336296153882092,32.08658564811604,-41.823919307843106,23.539958928282733,50.51518681121764
CVS,CVS common stock,Equity (single stock),Healthcare,1973-02-22,2026-07-17,13462,14.557147591614392,30.902318953752456,-22.9917622915942,18.21247865732545,48.016639429505275
DHR,DHR common stock,Equity (single stock),Healthcare,1979-01-02,2026-07-17,11982,23.877412690482934,35.44309423818282,-25.252440776532804,61.218391946447426,45.7853446836922
ELV,ELV common stock,Equity (single stock),Healthcare,2001-10-31,2026-07-17,6215,17.644018985837985,30.950552124304654,-28.307041978175963,18.41358821228023,52.03539823008849
ISRG,ISRG common stock,Equity (single stock),Healthcare,2000-06-19,2026-07-17,6557,31.13260256417606,48.10297847445062,-20.57803906983021,32.32275631794597,51.639469269482994
JNJ,JNJ common stock,Equity (single stock),Healthcare,1962-01-03,2026-07-17,16241,15.562017789802333,22.758361325170817,-18.354449930629603,15.895097298695472,48.95634505264454
LLY,LLY common stock,Equity (single stock),Healthcare,1972-06-02,2026-07-17,13642,17.101908686783492,27.587396923124892,-29.17805494362684,16.538230690089485,49.45755754288228
MRK,MRK common stock,Equity (single stock),Healthcare,1962-01-03,2026-07-17,16241,14.956586329839352,24.9063398378709,-26.780570988951837,13.03288501958193,49.00560310325719
PFE,PFE common stock,Equity (single stock),Healthcare,1972-06-02,2026-07-17,13642,13.281469420088396,27.355438039511558,-17.29965424482337,10.855212666879122,46.012314909837265
TMO,TMO common stock,Equity (single stock),Healthcare,1980-03-18,2026-07-17,11676,17.46826200086326,31.770680985221624,-18.64406711249842,17.708319379858818,47.44775608084961
UNH,UNH common stock,Equity (single stock),Healthcare,1984-10-18,2026-07-17,10515,27.840442752671585,39.750508835584824,-34.21092073153626,34.75503288148043,49.47218259629101
ADP,ADP common stock,Equity (single stock),Industrials,1980-03-18,2026-07-17,11676,17.494195009495336,26.01323961149963,-24.340141132151327,17.829432373322618,49.73449811579308
BA,BA common stock,Equity (single stock),Industrials,1962-01-03,2026-07-17,16241,16.667096442561746,34.00993315965706,-23.84841190698378,24.31860537918922,47.66947848038914
CAT,CAT common stock,Equity (single stock),Industrials,1962-01-03,2026-07-17,16241,16.079390110690294,29.680428041006007,-21.621609482316906,14.722901277974309,48.531494366110465
DE,DE common stock,Equity (single stock),Industrials,1972-06-02,2026-07-17,13642,17.594751472507518,31.559679727900964,-16.59915729107173,16.049393940343947,48.7831696232224
FDX,FDX common stock,Equity (single stock),Industrials,1978-04-13,2026-07-17,12164,18.613366824962252,33.76819882245272,-21.403816690960788,15.52773623518846,48.74219006905623
GE,GE common stock,Equity (single stock),Industrials,1962-01-03,2026-07-17,16241,13.58513891632075,27.604634428131014,-17.487715378498347,19.703123836002547,48.63616772366234
HON,HON common stock,Equity (single stock),Industrials,1962-01-03,2026-07-17,16241,12.533739453720663,28.899143853312243,-29.39297116057845,31.221747731061033,47.8110953759005
ITW,ITW common stock,Equity (single stock),Industrials,1973-03-14,2026-07-17,13448,15.489537753690138,27.45461879372047,-32.91137248668681,27.184482705677304,47.76918500892326
LHX,LHX common stock,Equity (single stock),Industrials,1982-01-04,2026-07-17,11223,15.038735702439626,31.347618752582235,-20.996456638908544,20.089256795407117,49.37182571504945
LMT,LMT common stock,Equity (single stock),Industrials,1962-01-03,2026-07-17,16239,15.720582400565597,34.67592049891662,-24.934389783193755,26.760568718786693,47.01028388447565
NSC,NSC common stock,Equity (single stock),Industrials,1982-06-03,2026-07-17,11118,16.701949823597246,29.283970353074228,-17.24133458331375,17.95929344141818,49.5053067098399
RTX,RTX common stock,Equity (single stock),Industrials,1962-04-03,2026-07-17,16178,15.793845478722329,27.751272615820866,-26.13292499613672,15.757184350826737,48.52268512795154
UNP,UNP common stock,Equity (single stock),Industrials,1980-01-03,2026-07-17,11728,16.0439920475618,27.512062386219405,-21.400763622881424,13.00421282197657,49.37755798090041
UPS,UPS common stock,Equity (single stock),Industrials,1999-11-11,2026-07-17,6708,7.988506184703743,24.91212405534082,-14.11271404413571,14.375798538051976,50.05963029218843
WM,WM common stock,Equity (single stock),Industrials,1988-06-23,2026-07-17,9586,17.744581818936446,34.09813134044869,-36.63939736835932,34.3749996627136,47.131233048195284
APD,APD common stock,Equity (single stock),Materials,1980-03-18,2026-07-17,11676,15.362557556394584,28.046306013072165,-21.448468885903495,14.654628536539782,49.01507365536143
CTVA,CTVA common stock,Equity (single stock),Materials,2019-05-28,2026-07-17,1794,22.099539311893945,32.53703577248759,-16.438348229542576,18.86543853705993,52.0066889632107
DOW,DOW common stock,Equity (single stock),Materials,2019-03-21,2026-07-17,1840,6.298231186820635,38.63147907774876,-21.65770786861566,20.909120735167754,49.34782608695652
ECL,ECL common stock,Equity (single stock),Materials,1973-02-22,2026-07-17,13462,13.412493176289916,26.68204423124807,-13.861283004023829,26.511619458877366,46.79839548358342
FCX,FCX common stock,Equity (single stock),Materials,1995-07-11,2026-07-17,7805,19.62588325399968,50.35754918854494,-20.332708796862864,29.684596432705778,49.775784753363226
LIN,LIN common stock,Equity (single stock),Materials,1992-06-18,2026-07-17,8578,17.717456972122353,27.53947356136078,-13.986035065005986,14.862110909617732,50.46630916297505
NEM,NEM common stock,Equity (single stock),Materials,1980-03-18,2026-07-17,11676,13.752784203217871,39.79279681239461,-22.9166950934508,25.173974523433063,47.90167865707434
AMT,AMT common stock,Equity (single stock),Real Estate,1998-03-02,2026-07-17,7138,19.157837829269955,44.69304477610857,-35.424345211937045,34.66666267695216,51.02269543289437
CCI,CCI common stock,Equity (single stock),Real Estate,1998-08-19,2026-07-17,7019,18.917826008420256,45.908679515041975,-38.82977394202596,31.21956250016249,50.27781735289928
EQIX,EQIX common stock,Equity (single stock),Real Estate,2000-08-14,2026-07-17,6518,21.828244310567875,59.299414928014315,-42.424237423251945,54.94740712764692,50.322184719239026
O,O common stock,Equity (single stock),Real Estate,1994-10-19,2026-07-17,7987,16.608141903792152,27.525161043991055,-24.930441241455824,21.577946762134292,51.02040816326531
PLD,PLD common stock,Equity (single stock),Real Estate,1997-11-24,2026-07-17,7203,16.941114661131294,35.83720421605958,-30.07917048193447,26.339630190256315,51.5479661252256
PSA,PSA common stock,Equity (single stock),Real Estate,1980-11-19,2026-07-17,11505,14.676075046949839,27.415448693237654,-18.672239261914957,20.28371421356978,45.73663624511082
SPG,SPG common stock,Equity (single stock),Real Estate,1993-12-15,2026-07-17,8200,18.120852924015253,33.66858173010078,-26.712710518193195,27.869367814406274,51.0
WELL,WELL common stock,Equity (single stock),Real Estate,1980-03-20,2026-07-17,11674,17.386286199551655,26.726429675374526,-24.395437206967642,23.17882174947796,45.78550625321227
AAPL,AAPL common stock,Equity (single stock),Technology,1980-12-15,2026-07-17,11488,27.561334513392953,43.72001503976908,-51.86918503472939,33.22807161869552,50.01740947075209
ADBE,ADBE common stock,Equity (single stock),Technology,1986-08-14,2026-07-17,10056,29.327374446327397,47.940045507526044,-30.19799619410406,32.20323600251287,49.86077963404932
AMD,AMD common stock,Equity (single stock),Technology,1980-03-18,2026-07-17,11676,28.349913200501586,59.30939995031825,-37.93103448275862,52.29008335186689,47.387804042480305
AVGO,AVGO common stock,Equity (single stock),Technology,2009-08-07,2026-07-17,4260,41.43607727592669,38.22452823454943,-19.91290486970407,24.43263156188411,53.4037558685446
CRM,CRM common stock,Equity (single stock),Technology,2004-06-24,2026-07-17,5550,25.47137916107881,41.647078038907175,-27.148185243938826,26.044902598809227,51.06306306306306
CSCO,CSCO common stock,Equity (single stock),Technology,1990-02-20,2026-07-17,9167,28.889533960799085,39.0388011352124,-19.827597050732816,24.388408911935365,51.587215010363266
IBM,IBM common stock,Equity (single stock),Technology,1962-01-03,2026-07-17,16241,11.080642365033817,25.69224846338226,-25.207594284781155,13.163688070413393,49.695215811834245
INTC,INTC common stock,Equity (single stock),Technology,1980-03-18,2026-07-17,11676,22.10657290806325,41.589733327917656,-26.05851455985698,26.378043870949398,49.27201096265845
INTU,INTU common stock,Equity (single stock),Technology,1993-03-15,2026-07-17,8392,25.046585995519237,45.67521377064303,-29.437851431913387,34.079553398321224,51.02478551000953
MSFT,MSFT common stock,Equity (single stock),Technology,1986-03-14,2026-07-17,10162,27.38426815737265,33.19295189056006,-30.11588725889698,19.565236890404503,50.69868136193663
MU,MU common stock,Equity (single stock),Technology,1984-06-04,2026-07-17,10611,33.27997655154921,60.66452987341847,-25.242724885783076,23.72878605621431,48.45914616906983
NOW,NOW common stock,Equity (single stock),Technology,2012-07-02,2026-07-17,3529,30.63397721709275,41.8053633975411,-17.74522263479331,15.487887455583206,53.86795126098045
NVDA,NVDA common stock,Equity (single stock),Technology,1999-01-25,2026-07-17,6911,48.805207792884644,59.27894728849567,-35.233612133072825,42.41482203079114,51.7001881059181
ORCL,ORCL common stock,Equity (single stock),Technology,1986-03-13,2026-07-17,10163,30.24127975439745,46.70300490838486,-31.034395169578342,43.871073940791575,49.837646364262525
PANW,PANW common stock,Equity (single stock),Technology,2012-07-23,2026-07-17,3515,34.5457019545443,39.48339086614503,-28.44109267085455,18.600523706105342,53.51351351351351
QCOM,QCOM common stock,Equity (single stock),Technology,1991-12-16,2026-07-17,8706,29.503480802157515,48.47886721252123,-16.847790168051556,38.711167437467786,49.88513668734206
SNOW,SNOW common stock,Equity (single stock),Technology,2020-09-17,2026-07-17,1463,19.503783631286804,62.415444162727006,-18.139130965523098,36.48294216904835,52.01640464798359
TXN,TXN common stock,Equity (single stock),Technology,1972-06-02,2026-07-17,13642,18.12264145330856,37.65903236191134,-27.13752548779127,24.067802972458562,48.84914235449347
UBER,UBER common stock,Equity (single stock),Technology,2019-05-13,2026-07-17,1804,20.647634088612506,50.55953784082736,-21.62876882914211,38.25911061438249,49.2239467849224
AEP,AEP common stock,Equity (single stock),Utilities,1962-01-03,2026-07-17,16241,9.92695400341322,20.760974032850918,-22.784824194876663,19.84168594704481,45.35435010159473
D,D common stock,Equity (single stock),Utilities,1980-03-18,2026-07-17,11676,13.609862418187694,21.414957262539776,-14.814803092488017,46.666618996130005,48.12435765673176
DUK,DUK common stock,Equity (single stock),Utilities,1980-03-18,2026-07-17,11676,13.35672907323946,21.30406318720511,-16.49484842131178,16.157803506940517,48.6724905789654
EXC,EXC common stock,Equity (single stock),Utilities,1973-05-03,2026-07-17,13413,12.625255336036082,23.55536136601217,-16.089113902046048,17.994103402344976,45.48572280623276
NEE,NEE common stock,Equity (single stock),Utilities,1973-02-22,2026-07-17,13462,12.782286433939008,21.830788274545814,-16.9291715728902,13.942870006849283,47.704650126281386
SO,SO common stock,Equity (single stock),Utilities,1982-01-04,2026-07-17,11223,15.178027833952276,20.01958161531472,-18.18184522314382,18.773627423846804,47.661053194333064
SRE,SRE common stock,Equity (single stock),Utilities,1998-06-30,2026-07-17,7054,13.445542221513318,24.98657436174888,-18.972243545530166,15.537798261700676,52.25404026084492
GLD,SPDR Gold Shares,Gold,ETF,2004-11-19,2026-07-17,5446,11.452140706627745,18.194589586132086,-10.274245274560045,11.29053010232768,53.12155710613295
IAU,iShares Gold Trust,Gold,ETF,2005-01-31,2026-07-17,5398,11.84374129671583,18.23365720576912,-10.209710325627242,11.69866032975666,51.92663949610967
FSAGX,Fidelity Select Gold,Gold/Precious Metals,MUTUALFUND,1985-12-17,2026-07-16,10221,11.094301690091006,31.547463253850022,-15.351526914501068,23.999949115600018,48.88954114078857
INIVX,VanEck International Investors Gold A,Gold/Precious Metals,MUTUALFUND,1980-01-03,2026-07-16,11727,12.400642739777359,34.011640415193995,-26.849258085120997,25.252689541879136,48.017395753389614
ASA,ASA Gold and Precious Metals Ltd,Gold/Precious Metals,STOCK,1978-01-04,2026-07-17,12233,13.035898175358485,35.5770922779374,-17.847033450697825,19.465215806644952,46.85686258481157
BNDW,Vanguard Total World Bond ETF,International Bonds,ETF,2018-09-07,2026-07-17,1973,1.8746905761278048,4.884061239838855,-3.5964091133567466,1.7298386766988472,51.90065889508363
IGOV,iShares International Treasury Bond ETF,International Bonds,ETF,2009-02-02,2026-07-17,4390,0.45572393517359183,8.7173197372074,-2.2979760838499175,3.593463839017974,49.95444191343964
PADMX,PIMCO Global Bond Fund Unhedged,International Bonds,MUTUALFUND,2019-01-03,2022-06-17,872,-5.332410288567608,6.197293130442757,-5.468744906829559,2.2388097764902914,40.596330275229356
PAGPX,PIMCO Global Bond Fund Unhedged Adm,International Bonds,MUTUALFUND,2019-01-03,2022-06-17,872,-5.334404985303911,6.197272734230146,-5.468744906829559,2.2388097764902914,40.596330275229356
PIGLX,PIMCO Global Bond Fund Unhedged Instl,International Bonds,MUTUALFUND,2019-01-03,2022-06-17,872,-5.333607487276708,6.197280622279642,-5.468744906829559,2.2388097764902914,40.596330275229356
VTABX,Vanguard Total Intl Bond Idx Admiral,International Bonds,MUTUALFUND,2013-06-05,2026-07-16,3297,2.357447932844458,3.3489860415710817,-1.1651013795793808,1.3492514604463768,48.16499848346982
VTIBX,Vanguard Total Intl Bond Idx Investor,International Bonds,MUTUALFUND,2013-06-05,2026-07-16,3297,2.3328134794718,3.3962805890238075,-1.1545243034215003,1.348529499636597,43.16044889293297
DISV,Dimensional Intl Small Cap Value ETF,International Equity,ETF,2022-03-25,2026-07-17,1080,15.570116668969423,17.30661965595257,-7.365838378159917,6.8466774183973955,53.51851851851852
EEM,iShares MSCI Emerging ETF,International Equity,ETF,2003-04-15,2026-07-17,5850,12.869345339927671,27.120227842853968,-16.166202361725514,22.76985271301406,52.97435897435897
EFA,iShares MSCI EAFE ETF,International Equity,ETF,2001-08-28,2026-07-17,6256,8.3776344660882,20.791450793317505,-11.163173808801863,15.887612854355137,53.053069053708434
EFV,iShares MSCI EAFE Value ETF,International Equity,ETF,2005-08-08,2026-07-17,5267,8.20953657896266,21.932043516672937,-12.76008927870751,15.745407266389865,53.237136890070246
FXI,iShares China Large-Cap ETF,International Equity,ETF,2004-10-11,2026-07-17,5475,10.425099914334062,32.68082669503468,-14.845498198594488,21.241222882930757,50.53881278538813
ISVL,iShares Intl Developed Small Cap Value,International Equity,ETF,2021-03-31,2026-07-17,1329,12.079677797246669,16.729436243820697,-6.877395871445735,8.334317471541919,53.197893152746424
VEA,Vanguard FTSE Developed ETF,International Equity,ETF,2007-07-27,2026-07-17,4772,7.25203299420196,21.55991925607563,-11.180337280323482,15.332799326409852,53.14333612740989
VGK,Vanguard FTSE Europe ETF,International Equity,ETF,2005-03-11,2026-07-17,5370,8.783625272578172,22.81724323169026,-11.778172872524173,14.190662121337683,52.960893854748605
VPL,Vanguard FTSE Pacific ETF,International Equity,ETF,2005-03-11,2026-07-17,5370,8.163442044222508,20.263447683325136,-10.76039128550409,14.988469311205165,52.364990689013034
VSS,Vanguard FTSE All-World ex-US Small-Cap ETF,International Equity,ETF,2009-04-07,2026-07-17,4345,10.482315817022062,18.244361533178633,-12.25793172023748,7.983468074204558,54.43037974683544
VWO,Vanguard Emerging Markets ETF,International Equity,ETF,2005-03-11,2026-07-17,5370,9.863682562608457,26.12917061898005,-15.342288471127263,20.28228442061668,52.68156424581005
VXUS,Vanguard Total Intl Stock ETF,International Equity,ETF,2011-01-31,2026-07-17,3887,7.839632442291676,17.73861561906922,-11.131828450514725,8.380987884436152,53.15153074350398
DISVX,DFA International Small Cap Value Portfolio,International Equity,MUTUALFUND,1994-12-30,2026-07-16,7936,9.456797547431748,16.077279959289847,-9.954399064488939,8.98985393274334,51.48689516129033
VDVIX,Vanguard Developed Markets Index Fund,International Equity,MUTUALFUND,2013-12-23,2026-07-16,3157,8.453528158846469,16.19707121699746,-11.085997433113581,8.647135749600675,51.69464681659803
VEIEX,Vanguard Emerging Markets Stock Index Inv,International Equity,MUTUALFUND,1994-05-05,2026-07-16,8102,8.490875052999906,20.43029660814784,-11.853060125461301,14.655730909703578,52.91286102196988
VEMAX,Vanguard Emerging Markets Stock Index Adm,International Equity,MUTUALFUND,2006-06-26,2026-07-16,5044,8.272154843145477,21.589370380202368,-11.866525901471226,14.66918075734418,53.23156225218081
VEURX,Vanguard FTSE Europe ETF,International Equity,MUTUALFUND,1990-06-19,2026-07-16,9083,9.26680761254975,19.736284713977305,-11.809450752960304,12.493244130378978,52.95607178245073
VEUSX,Vanguard FTSE Europe ETF Adm,International Equity,MUTUALFUND,2001-08-14,2026-07-16,6265,8.734277894355815,21.409255882432358,-11.810222520682778,12.531514431436186,53.66320830007981
VFSAX,Vanguard FTSE All-World ex-US Small Cap,International Equity,MUTUALFUND,2019-02-08,2026-07-16,1867,9.471928572272398,17.058149963355277,-10.9324835375452,7.8726465134788315,54.740224959828595
VGTSX,Vanguard Total Intl Stock Index Inv,International Equity,MUTUALFUND,1996-04-30,2026-07-16,7600,7.422723801928487,18.474303199936077,-10.370893674365444,12.1409039467681,52.06578947368421
VINEX,Vanguard International Explorer Inv,International Equity,MUTUALFUND,1996-11-05,2026-07-16,7468,8.975854427748562,17.152080880006242,-11.53025243584852,9.753604267488548,52.85216925549009
VPACX,Vanguard Pacific Stock Index Investor,International Equity,MUTUALFUND,1990-06-19,2026-07-16,9083,5.972503465020303,19.779820075982446,-9.636355712444578,13.562019857677598,49.972476054167124
VPADX,Vanguard Pacific Stock Index Admiral,International Equity,MUTUALFUND,2001-08-14,2026-07-16,6265,8.14892252377893,18.901002138075665,-9.585180340490718,12.642037668049188,53.20031923383879
VTIAX,Vanguard Total Intl Stock Index Admiral,International Equity,MUTUALFUND,2010-11-30,2026-07-16,3928,7.955263861474848,16.32810424126346,-10.344857237810235,7.991944736704282,53.28411405295316
VTMGX,Vanguard Developed Markets Index Admiral,International Equity,MUTUALFUND,1999-08-18,2026-07-16,6767,7.443691667689084,19.215077431031258,-11.033274231410017,11.920552698572017,51.396482931875276
VTRIX,Vanguard International Value Inv,International Equity,MUTUALFUND,1983-05-17,2026-07-16,10875,7.934216868580703,17.973349888384497,-39.72311514544495,11.35405434616159,51.05287356321839
VMRXX,Vanguard Cash Reserves Money Market,Money Market,MONEYMARKET,2023-04-18,2026-07-16,558,0.0,0.0,0.0,0.0,0.0
VUSXX,Vanguard Treasury Money Market,Money Market,MONEYMARKET,2023-04-18,2026-07-16,558,0.0,0.0,0.0,0.0,0.0
PFF,iShares Preferred ETF,Preferred Stock,ETF,2007-04-02,2026-07-17,4853,5.348323656262755,18.616145423668776,-16.95867279574855,19.220234159615536,54.85266845250361
IBB,iShares Biotechnology ETF,Sector-Biotech,ETF,2001-02-13,2026-07-17,6392,10.23913020374537,25.906803746480062,-9.039209463114872,9.86651705945416,52.299749687108886
XBI,SPDR S&P Biotech ETF,Sector-Biotech,ETF,2006-02-07,2026-07-17,5141,15.871527167278416,30.569063101232206,-12.347113335289105,13.264080617929253,52.07158140439603
ICLN,iShares Global Clean Energy ETF,Sector-Clean Energy,ETF,2008-06-26,2026-07-17,4541,1.3604364758817802,32.5835059632863,-15.399407467928905,17.351558089277507,49.24025545034134
XLC,Communication Services SPDR,Sector-Comm Services,ETF,2018-06-20,2026-07-17,2028,13.304268580206433,22.152075057236402,-11.279500540877718,8.990106014659126,54.33925049309665
XLY,Consumer Discretionary SPDR,Sector-Cons Disc,ETF,1998-12-23,2026-07-17,6931,11.700265461996446,22.662898649772057,-12.668648099633417,10.888056564646753,52.90722839417111
XLP,Consumer Staples Select SPDR,Sector-Cons Staples,ETF,1998-12-23,2026-07-17,6931,7.805831203047421,15.226795405911883,-9.395623947565145,8.510640144979442,52.041552445534556
XLE,Energy Select Sector SPDR,Sector-Energy,ETF,1998-12-23,2026-07-17,6931,12.629765783693509,28.597150098227566,-20.14118068585937,16.474640520127217,52.01269658058
VGELX,Vanguard Energy Opportunities Admiral,Sector-Energy,MUTUALFUND,2001-11-13,2026-07-16,6205,11.117024840968824,25.541022801982194,-17.719466331498978,16.765999103625596,52.84448025785656
VGENX,Vanguard Energy Opportunities Investor,Sector-Energy,MUTUALFUND,1984-05-24,2026-07-16,10616,11.956907416313452,22.206898267749303,-17.734385716900157,16.77952744892528,51.431801055011306
KRE,SPDR S&P Regional Banking ETF,Sector-Financials,ETF,2006-06-23,2026-07-17,5046,10.291090821148076,33.418204552313426,-16.385694313164368,17.167207377212044,50.852160126833134
XLF,Financial Select Sector SPDR,Sector-Financials,ETF,1998-12-23,2026-07-17,6931,9.894354280329992,28.284815952497993,-16.66665056313721,16.46189525947164,51.42115134901169
XLV,Health Care Select Sector SPDR,Sector-Healthcare,ETF,1998-12-23,2026-07-17,6931,9.866525144334357,17.853195536531118,-9.86102429259902,12.054654720686031,52.12812004039821
VGHAX,Vanguard Health Care Fund Admiral,Sector-Healthcare,MUTUALFUND,2001-11-13,2026-07-16,6205,10.326490252061518,15.756206983440975,-9.477616697676726,10.196283779472925,53.76309427880741
VGHCX,Vanguard Health Care Fund Investor,Sector-Healthcare,MUTUALFUND,1984-05-24,2026-07-16,10616,14.815894233123823,15.168820484626425,-18.57070500609432,10.1960495334245,53.579502637528265
XHB,SPDR S&P Homebuilders ETF,Sector-Homebuilders,ETF,2006-02-07,2026-07-17,5141,10.230664083360816,31.900329301494946,-18.385921038081154,15.453080774668582,50.74888154055631
XLI,Industrial Select Sector SPDR,Sector-Industrials,ETF,1998-12-23,2026-07-17,6931,11.347718021958359,21.089384998485443,-11.344160522806202,12.651227572244906,53.426633963353055
XLB,Materials Select Sector SPDR,Sector-Materials,ETF,1998-12-23,2026-07-17,6931,10.66739621230326,23.576627437894796,-12.412069705959993,14.057670744397166,52.09926417544366
XLRE,Real Estate Select Sector SPDR,Sector-Real Estate,ETF,2015-10-09,2026-07-17,2706,9.291325595613005,20.308254599731065,-16.001137250778164,8.780049174364457,53.32594235033259
SMH,VanEck Semiconductor ETF,Sector-Semiconductors,ETF,2000-06-06,2026-07-17,6566,15.864100119922236,34.992333847144884,-14.411609171469298,17.160330336412134,51.78190679256778
SOXX,iShares Semiconductor ETF,Sector-Semiconductors,ETF,2001-07-16,2026-07-17,6287,18.466449426168406,33.486998605824546,-15.227762440802927,18.57161210891014,52.75966279624622
XLK,Technology Select Sector SPDR,Sector-Technology,ETF,1998-12-23,2026-07-17,6931,13.062136044835244,25.999080530907577,-13.81399898958654,16.101739148135618,54.047035059875924
XLU,Utilities Select Sector SPDR,Sector-Utilities,ETF,1998-12-23,2026-07-17,6931,9.31942229642429,19.249445194588056,-11.35773124357179,12.793429135932023,53.195787043716635
FKUTX,Franklin Utilities A1,Sector-Utilities,MUTUALFUND,1980-01-03,2026-07-16,11727,11.488895079313425,14.785645756163394,-12.353691855474302,12.446348900918203,50.336829538671445
SLV,iShares Silver Trust,Silver,ETF,2006-05-01,2026-07-17,5084,11.999913222006722,33.301403741788796,-28.540302491726877,14.423077452112242,51.94728560188828
AGG,iShares Core US Aggregate Bond,US Bonds,ETF,2003-09-30,2026-07-17,5734,3.1542211933946205,5.1719274364310746,-6.839470038749507,3.8687091295346754,52.493896058597834
BND,Vanguard Total Bond Market,US Bonds,ETF,2007-04-11,2026-07-17,4847,3.0992430944698803,5.201673333919269,-5.438513300896974,4.2201180782035275,52.38291726841345
LTPZ,PIMCO 15+ Year U.S. TIPS ETF,US Bonds,ETF,2009-09-09,2026-07-17,4238,3.840408943872947,14.162740933149088,-7.265720745931681,12.274087355614549,51.17980179329873
SCHP,Schwab U.S. TIPS ETF,US Bonds,ETF,2010-08-06,2026-07-17,4009,2.884121045345785,5.563074840215896,-2.7271291468610737,4.251806359979193,51.334497380893
STIP,iShares 0-5 Year TIPS Bond ETF,US Bonds,ETF,2010-12-06,2026-07-17,3925,2.3647475324994676,2.256345645655895,-1.7225653280217301,1.115526476432982,50.42038216560509
TIP,iShares TIPS Bond,US Bonds,ETF,2003-12-08,2026-07-17,5686,3.622584282626276,6.141557403829975,-2.9531918462199602,4.453659139958921,51.65318325712276
VTIP,Vanguard Short-Term TIPS ETF,US Bonds,ETF,2012-10-17,2026-07-17,3454,2.2362844072264654,2.530044041243891,-1.80793210967366,2.183148881041297,49.44991314418066
FIPDX,Fidelity Inflation-Prot Bond Index,US Bonds,MUTUALFUND,2012-05-11,2026-07-16,3563,2.3408355247623978,5.451557281200424,-2.7860442166003474,5.125530361742281,44.54111703620545
VAIPX,Vanguard Inflation-Protected Securities Adm,US Bonds,MUTUALFUND,2005-06-13,2026-07-16,5305,3.329063040530026,5.805325162176031,-2.946849065750301,3.736267035168761,49.519321394910456
VBIIX,Vanguard Intermediate-Term Bond Index Inv,US Bonds,MUTUALFUND,1994-03-01,2026-07-16,8147,4.880457822160362,5.586253644640364,-2.054248305367401,2.871297425652619,46.32380017184239
VBILX,Vanguard Intermediate-Term Bond Index Adm,US Bonds,MUTUALFUND,2001-11-13,2026-07-16,6205,3.80207164751969,5.584833988120655,-2.0541942788895873,2.871297168179643,46.80096696212732
VBIRX,Vanguard Short-Term Bond Index Adm,US Bonds,MUTUALFUND,2001-11-13,2026-07-16,6205,2.3763280135587475,2.4115752396451158,-0.7843599803554757,1.001968279123422,34.63336019339243
VBISX,Vanguard Short-Term Bond Index Inv,US Bonds,MUTUALFUND,1994-03-01,2026-07-16,8147,3.544828334172384,2.558293583684749,-0.8911506715340467,1.1049803266962588,35.08039769240211
VBMFX,Vanguard Total Bond Market Index Inv,US Bonds,MUTUALFUND,1986-12-12,2026-07-16,9971,4.970699012203879,4.557119514108528,-1.6769477512772801,4.223707276586941,44.168087453615485
VBTLX,Vanguard Total Bond Market Index Adm,US Bonds,MUTUALFUND,2001-11-13,2026-07-16,6205,3.0428463968150155,4.455910808172863,-1.676999254077105,1.9502091569163271,44.802578565672846
VIPSX,Vanguard Inflation-Protected Securities Inv,US Bonds,MUTUALFUND,2000-06-30,2026-07-16,6547,4.071281109047659,5.789094133959286,-2.894123950805416,3.718349086677497,47.38047960898121
VTAPX,Vanguard Short-Term TIPS Idx Admiral,US Bonds,MUTUALFUND,2012-10-17,2026-07-16,3453,2.204630666437253,2.1008079799385517,-0.907997114224135,0.8692280835765676,44.88850275123081
VTIPX,Vanguard Short-Term TIPS Idx Investor,US Bonds,MUTUALFUND,2012-10-17,2026-07-16,3453,2.1236941209329565,2.0927425778400113,-0.9221922774729774,0.828842095522031,44.91746307558645
HYG,iShares High Yield Corp Bond,US Corporate Bonds,ETF,2007-04-12,2026-07-17,4846,5.3890943412583505,10.877330489247143,-8.09749142492463,12.26888940867119,53.28105654147751
LQD,iShares IG Corporate Bond,US Corporate Bonds,ETF,2002-07-31,2026-07-17,6028,4.828651567188937,8.338111168588195,-9.111112690678791,9.767761360246752,53.64963503649635
VCIT,Vanguard Intermediate-Term Corporate Bond ETF,US Corporate Bonds,ETF,2009-11-24,2026-07-17,4184,4.307802955993282,5.730942682086339,-4.485943525314095,5.429454373827913,53.226577437858516
FBNDX,Fidelity Investment Grade Bond Fund,US Corporate Bonds,MUTUALFUND,1980-01-03,2026-07-16,11727,6.21971394498705,5.324270782157451,-3.4433761416978292,3.582525432895123,40.914129785964015
PINCX,Putnam Income A,US Corporate Bonds,MUTUALFUND,1980-01-03,2026-07-16,11727,6.528871019753312,5.391310425991963,-4.264098439929931,4.454022336912344,41.51957022256332
VFSTX,Vanguard Short-Term Investment Grade Inv,US Corporate Bonds,MUTUALFUND,1982-11-01,2026-07-16,11012,5.272448938835022,2.7651028053945015,-1.2755411876022915,3.1270077150406195,32.36469306211406
VFSUX,Vanguard Short-Term Investment Grade Adm,US Corporate Bonds,MUTUALFUND,2001-02-13,2026-07-16,6391,2.8927851845624017,2.3000541800094014,-1.1583368551441264,1.096694063269732,32.93694257549679
VICSX,Vanguard Intermediate-Term Corp Bond Idx Adm,US Corporate Bonds,MUTUALFUND,2009-11-24,2026-07-16,4183,4.228685564125069,5.120907332174611,-2.8960318533965967,2.1717742566876863,50.920392063112594
VWEAX,Vanguard High-Yield Corporate Admiral,US Corporate Bonds,MUTUALFUND,2001-11-13,2026-07-16,6205,5.601950161932728,4.882652095332676,-3.441636195729092,3.030286228230006,32.780016116035455
VWEHX,Vanguard High-Yield Corporate Investor,US Corporate Bonds,MUTUALFUND,1980-01-03,2026-07-16,11727,7.650443279060047,5.648141673801852,-4.9080065059007865,13.657664591385421,30.007674597083657
VWESX,Vanguard Long-Term Investment-Grade Inv,US Corporate Bonds,MUTUALFUND,1980-01-03,2026-07-16,11727,7.676851072710197,9.067390304771488,-5.077078537694657,4.419921711891472,47.14760808390893
VWETX,Vanguard Long-Term Investment-Grade Adm,US Corporate Bonds,MUTUALFUND,2001-02-13,2026-07-16,6391,5.168903319768161,10.566090569357854,-5.077039298004604,3.566533142741868,49.460178375841025
IJH,iShares Core S&P Mid-Cap ETF,US Equity,ETF,2000-05-30,2026-07-17,6571,11.685932374676252,21.44803741410472,-14.432182679998695,10.767962746242187,53.53827423527622
IJS,iShares S&P SmallCap 600 Value,US Equity,ETF,2000-07-31,2026-07-17,6528,12.335698686678915,23.776651676501967,-12.396684929906277,8.822735537367388,52.71139705882353
IJT,iShares S&P SmallCap 600 Growth,US Equity,ETF,2000-07-31,2026-07-17,6528,11.796081831244281,22.997362753585445,-15.363765780109206,9.36715925027114,52.84926470588235
IVV,iShares Core S&P 500 ETF,US Equity,ETF,2000-05-22,2026-07-17,6576,9.96244750091189,18.99319915466482,-11.57428348529389,11.09924692282731,54.273114355231144
IWC,iShares Micro-Cap ETF,US Equity,ETF,2005-08-17,2026-07-17,5260,10.524200311049599,24.714754000713995,-13.533827982494206,10.458836306109154,53.212927756654
IWM,iShares Russell 2000 ETF,US Equity,ETF,2000-05-30,2026-07-17,6571,11.22527514716314,23.881253136080392,-13.266928708040949,9.149163259063897,53.1121594886623
MDY,SPDR S&P MidCap 400 ETF,US Equity,ETF,1995-05-05,2026-07-17,7850,12.929647539897104,21.499790149931847,-13.649088276355458,11.999986306042643,53.94904458598726
MTUM,iShares MSCI USA Momentum Factor ETF,US Equity,ETF,2013-04-19,2026-07-17,3330,16.405201288437684,20.012612973272777,-12.36518878176458,10.646330286724059,55.46546546546547
NOBL,ProShares Dividend Aristocrats,US Equity,ETF,2013-10-11,2026-07-17,3208,11.400364395848111,15.83344884416959,-10.172507310847756,9.927058324029092,54.14588528678305
QQQ,Invesco Nasdaq-100 ETF,US Equity,ETF,1999-03-11,2026-07-17,6879,13.753762921238573,26.94325056447478,-11.978788141249442,16.842074764768466,54.528274458496874
QUAL,iShares MSCI USA Quality Factor ETF,US Equity,ETF,2013-07-19,2026-07-17,3267,14.192931759587271,17.12079849767571,-10.181458696681577,10.363739001555494,54.178145087236
SPHB,Invesco S&P 500 High Beta ETF,US Equity,ETF,2011-05-06,2026-07-17,3820,16.34604857285837,27.392412228411533,-13.507545289786426,14.134956076314698,52.35602094240838
SPY,SPDR S&P 500 ETF,US Equity,ETF,1993-02-01,2026-07-17,8421,11.965932922899603,18.566312149924578,-10.942373156108133,14.51972707285314,54.07908799429997
USMV,iShares MSCI USA Min Vol Factor ETF,US Equity,ETF,2011-10-21,2026-07-17,3703,11.913802853808523,13.41603894222409,-10.08167593570769,8.667653412901078,54.52335943829327
VB,Vanguard Small-Cap ETF,US Equity,ETF,2004-02-02,2026-07-17,5649,11.937483029635361,22.457861244176904,-13.078941404358424,10.177755833660118,53.7617277394229
VBR,Vanguard Small-Cap Value ETF,US Equity,ETF,2004-02-02,2026-07-17,5649,11.792481847426167,22.762983297149255,-13.347010992655706,9.868077725449421,53.071340060187644
VIG,Vanguard Dividend Appreciation ETF,US Equity,ETF,2006-05-03,2026-07-17,5082,11.152476526284444,16.990651912712217,-10.663817835552436,9.74870087761406,54.32900432900433
VLUE,iShares MSCI USA Value Factor ETF,US Equity,ETF,2013-04-19,2026-07-17,3330,14.050869801957418,18.70100481124274,-12.68788520897639,10.03072175120121,51.44144144144144
VO,Vanguard Mid-Cap ETF,US Equity,ETF,2004-02-02,2026-07-17,5649,11.863492817988671,20.397857937976163,-12.388828172770882,10.883693846699384,54.36360417773057
VTI,Vanguard Total US Market ETF,US Equity,ETF,2001-06-18,2026-07-17,6306,11.095484224504284,19.084334561269134,-11.380862856130092,12.8297339133286,54.646368537900415
VYM,Vanguard High Dividend Yield ETF,US Equity,ETF,2006-11-17,2026-07-17,4943,10.596750592828462,18.113367617313124,-10.057799276850133,10.96190053642514,53.69208982399353
^DJI,Dow Jones Industrial Avg,US Equity,INDEX,1992-01-03,2026-07-17,8694,9.630864399098469,17.354788416711337,-12.926545507355424,11.365041199411529,53.427651253738205
^GSPC,S&P 500 Index,US Equity,INDEX,1928-01-03,2026-07-17,24750,7.942687820478018,18.915671578601913,-20.46693079969437,16.609585014510863,52.45656565656566
^IXIC,Nasdaq Composite Index,US Equity,INDEX,1971-02-08,2026-07-17,13976,12.004031346206355,20.138140110751255,-12.321331290147409,14.173196388926979,55.759874069834005
^RUT,Russell 2000 Index,US Equity,INDEX,1987-09-11,2026-07-17,9784,9.657470272670892,21.517942492233065,-14.272017075902932,9.39146172741423,54.50735895339329
AIVSX,American Funds Invmt Co of Amer A,US Equity,MUTUALFUND,1986-01-03,2026-07-16,10210,10.731017756668827,15.520792253950333,-15.792965877167852,9.718933572381605,53.57492654260528
AUBAX,Invesco Balanced Fund A,US Equity,MUTUALFUND,2019-01-03,2023-12-19,1250,-2.2394695316805295,6.112497968308134,-2.3437478172126713,2.6570081415916214,42.88
BRSIX,Bridgeway Ultra-Small Company Market,US Equity,MUTUALFUND,1997-08-01,2026-07-16,7282,11.789991197697153,22.06876340364493,-17.23717584591854,22.008895135707075,52.19719857182093
FFIDX,Fidelity Fund,US Equity,MUTUALFUND,1980-01-03,2026-07-16,11727,11.27943827660321,18.424215934880223,-23.66257029012995,10.93680238621646,53.63690628464228
FMAGX,Fidelity Magellan Fund,US Equity,MUTUALFUND,1980-01-03,2026-07-16,11727,13.311330799748392,19.767108350832846,-32.1416841947038,14.985190874104193,54.13149143003325
LOMMX,CGM Mutual Fund,US Equity,MUTUALFUND,2019-01-03,2022-12-02,988,3.0917117887602723,24.69499473573196,-21.024926775773356,7.4399559488495415,51.417004048582996
MIGFX,MFS Massachusetts Inv Gr Stk A,US Equity,MUTUALFUND,1973-05-04,2026-07-16,13411,7.726527790820316,19.438419138715354,-23.296113659738715,11.943344352127095,51.36082320483185
MITTX,MFS Massachusetts Investors Tr A,US Equity,MUTUALFUND,1973-05-04,2026-07-16,13411,8.378361204376823,17.581186558106186,-17.319646374984522,11.61431177120209,51.53978077697413
NAESX,Vanguard Small Cap Index Inv,US Equity,MUTUALFUND,1980-01-03,2026-07-16,11727,10.064055413890019,21.62221995953427,-24.18254649387267,21.76000258465742,48.36701628720048
OTCFX,T. Rowe Price Small-Cap Stock,US Equity,MUTUALFUND,1980-01-03,2026-07-16,11727,10.285626276415753,18.520946995794645,-24.650151740483572,10.468139448234526,48.50345356868765
PIODX,Victory Pioneer A,US Equity,MUTUALFUND,1973-05-04,2026-07-16,13411,10.049109202384658,17.11284913887844,-16.15771048408925,21.039205892714264,53.031093878159716
PIORX,Victory Pioneer R,US Equity,MUTUALFUND,2003-03-04,2026-07-16,5879,12.474180226072127,18.662701809684947,-11.54297676318915,11.059303608734549,54.19288994726994
TEPLX,Templeton Growth A,US Equity,MUTUALFUND,1986-01-03,2026-07-16,10210,8.021303607686809,15.302565100732469,-15.313689286924836,11.8819291906904,52.19392752203722
VDADX,Vanguard Dividend Appreciation Index Adm,US Equity,MUTUALFUND,2013-12-23,2026-07-16,3157,12.48585229921211,15.515494499884452,-10.787682937603392,8.959487246969754,53.6902122267976
VEXAX,Vanguard Extended Market Index Adm,US Equity,MUTUALFUND,2000-11-14,2026-07-16,6452,10.507383387280417,22.73843266298424,-17.13511407415712,10.673045518782853,53.31680099194048
VEXMX,Vanguard Extended Market Index Inv,US Equity,MUTUALFUND,1987-12-22,2026-07-16,9712,12.22101331186713,20.228375545051346,-14.372178723735718,10.690021402750837,54.37602965403624
VEXPX,Vanguard Explorer Fund Investor,US Equity,MUTUALFUND,1980-01-03,2026-07-16,11727,11.162352879707163,19.25253354082622,-20.21243575003989,10.579858003688681,54.438475313379385
VEXRX,Vanguard Explorer Fund Admiral,US Equity,MUTUALFUND,2001-11-13,2026-07-16,6205,11.81800223907437,21.982487323584277,-13.828487316982708,10.58898521282796,53.42465753424658
VFIAX,Vanguard 500 Index Fund Admiral,US Equity,MUTUALFUND,2000-11-14,2026-07-16,6452,10.323036848715539,19.172498006585535,-11.976658433500697,11.572274175587193,54.21574705517669
VFINX,Vanguard 500 Index Fund Investor,US Equity,MUTUALFUND,1980-01-03,2026-07-16,11727,12.474170556396968,17.885661702047386,-20.46496291739227,11.572347258595418,53.423723032318584
VFTAX,Vanguard FTSE Social Index Fund Adm,US Equity,MUTUALFUND,2019-02-08,2026-07-16,1867,17.538989658576643,20.735009114497352,-12.775837793246737,10.081007434624766,54.47241564006428
VHYAX,Vanguard High Dividend Yield Index Adm,US Equity,MUTUALFUND,2019-02-08,2026-07-16,1867,13.563974948912172,17.861176864598587,-10.76991947550946,9.23676650567633,53.50830208891269
VICEX,USA Mutuals Vice Investor,US Equity,MUTUALFUND,2002-09-06,2026-07-16,6001,8.770870271039053,15.496465563627781,-10.603450940088276,10.058651374098137,52.74120979836694
VIGAX,Vanguard Growth Index Admiral,US Equity,MUTUALFUND,2000-11-14,2026-07-16,6452,11.218805279240028,20.63712484588412,-12.75483825509809,12.024103268631748,54.37073775573465
VIGRX,Vanguard Growth Index Investor,US Equity,MUTUALFUND,1992-11-02,2026-07-16,8482,12.881636201439612,19.95649124948728,-12.76523184088142,12.025762204131873,53.560481018627684
VIMAX,Vanguard Mid Cap Index Admiral,US Equity,MUTUALFUND,2001-11-13,2026-07-16,6205,11.881418971966365,20.54392701296115,-12.680841287097222,11.857256702113904,54.391619661563254
VIMSX,Vanguard Mid Cap Index Investor,US Equity,MUTUALFUND,1998-05-22,2026-07-16,7079,11.208152376277978,20.973951846248017,-12.67971936985306,11.794036510830818,53.10072044074021
VISGX,Vanguard Small Cap Growth Index Inv,US Equity,MUTUALFUND,1998-05-22,2026-07-16,7079,11.333643721202115,23.74959990521129,-14.233325088334459,10.480334049469509,52.40853227857042
VISVX,Vanguard Small Cap Value Index Inv,US Equity,MUTUALFUND,1998-05-22,2026-07-16,7079,11.248269898166745,22.370526253491963,-13.865191795482124,10.25359746281389,52.01299618590196
VIVAX,Vanguard Value Index Inv,US Equity,MUTUALFUND,1992-11-02,2026-07-16,8482,11.31857293171052,18.116522512175155,-11.278600795392835,11.281988456262692,52.71162461683565
VMGIX,Vanguard Mid-Cap Growth Index Investor,US Equity,MUTUALFUND,2006-08-25,2026-07-16,5001,11.93704386682941,22.621088542806415,-12.99250889278214,13.709696307435305,54.64907018596281
VMGMX,Vanguard Mid-Cap Growth Index Admiral,US Equity,MUTUALFUND,2011-09-28,2026-07-16,3719,13.635666981418867,19.71534369957063,-12.976305119328934,10.518473727696742,54.450121000268894
VMVAX,Vanguard Mid-Cap Value Index Admiral,US Equity,MUTUALFUND,2011-09-28,2026-07-16,3719,13.495957245608242,17.64952953205357,-12.365926895317337,11.410174885646974,53.53589674643722
VMVIX,Vanguard Mid-Cap Value Index Investor,US Equity,MUTUALFUND,2006-08-25,2026-07-16,5001,11.25235261540999,21.311328263206438,-12.381223521725715,11.397990302593852,53.32933413317337
VSGAX,Vanguard Small Cap Growth Index Admiral,US Equity,MUTUALFUND,2011-09-28,2026-07-16,3719,13.69997146767941,21.60321869976508,-14.309268255935503,10.477302480063733,53.07878461952138
VSIAX,Vanguard Small Cap Value Index Admiral,US Equity,MUTUALFUND,2011-09-28,2026-07-16,3719,13.91107665351195,20.341265864016105,-13.857140198549644,10.276898874765127,52.72922828717397
VSMAX,Vanguard Small Cap Index Admiral,US Equity,MUTUALFUND,2000-11-14,2026-07-16,6452,11.111188969059993,22.92477560477082,-17.4537201119915,9.945063781641794,53.06881587104774
VTSAX,Vanguard Total Stock Market Index Adm,US Equity,MUTUALFUND,2000-11-14,2026-07-16,6452,10.613277749567834,19.46288684832726,-12.292100108053239,11.395826761158956,53.85926844389337
VTSMX,Vanguard Total Stock Market Index Inv,US Equity,MUTUALFUND,1992-04-28,2026-07-16,8613,11.90444512420077,18.35223710278114,-12.297670534902316,11.395918634386138,53.63984674329502
VVIAX,Vanguard Value Index Admiral,US Equity,MUTUALFUND,2000-11-14,2026-07-16,6452,9.39883616143633,19.26124084499338,-11.278614868040771,11.274802174212262,52.72783632982021
VWELX,Vanguard Wellington Fund Investor,US Equity,MUTUALFUND,1980-01-03,2026-07-16,11727,10.877776882867185,11.186232224468094,-13.272771555725903,7.33071416602733,52.988829197578234
VWENX,Vanguard Wellington Fund Admiral,US Equity,MUTUALFUND,2001-05-15,2026-07-16,6328,8.761841368339065,11.7376158336899,-8.190306529885127,7.340835767635889,54.28255372945638
VWIAX,Vanguard Wellesley Income Admiral,US Equity,MUTUALFUND,2001-05-15,2026-07-16,6328,6.273601270340739,6.727769737555757,-5.120411714316864,3.6599767386486404,54.26675094816687
VWINX,Vanguard Wellesley Income Investor,US Equity,MUTUALFUND,1980-01-03,2026-07-16,11727,9.25691839366122,6.788942584163918,-7.697481894629821,5.511289149746723,52.5198260424661
VWNAX,Vanguard Windsor II Admiral,US Equity,MUTUALFUND,2001-05-15,2026-07-16,6328,9.99105398311658,18.429782802563192,-12.689198314052963,10.656041422423357,53.72945638432364
VWNDX,Vanguard Windsor Fund Investor,US Equity,MUTUALFUND,1980-01-03,2026-07-16,11727,11.493323848612173,17.904904247133466,-14.996823912910251,11.445042514961457,52.119041528097554
VWNEX,Vanguard Windsor Fund Admiral,US Equity,MUTUALFUND,2001-11-13,2026-07-16,6205,10.428965522579217,20.230281101659457,-12.899078793440012,11.510774260026091,53.48912167606768
VWNFX,Vanguard Windsor II Investor,US Equity,MUTUALFUND,1985-06-25,2026-07-16,10342,11.919104608161206,16.990158832642482,-18.096622167904375,10.7011062895219,53.00715528911236
MUB,iShares National Muni Bond,US Municipal Bonds,ETF,2007-09-11,2026-07-17,4741,3.1608742337288906,5.345396710609944,-6.150647130799369,4.384154694358378,53.554102510018986
VWITX,Vanguard Intermediate-Term Tax-Exempt Inv,US Municipal Bonds,MUTUALFUND,1980-01-03,2026-07-16,11727,5.214657657223309,4.680226692089747,-8.242823139451595,6.23976993424713,35.02174469173702
VWIUX,Vanguard Intermediate-Term Tax-Exempt Adm,US Municipal Bonds,MUTUALFUND,2001-02-13,2026-07-16,6391,3.1773074963257026,3.0289870986253615,-2.5000388400561624,3.402384519448609,37.83445470192458
VWLTX,Vanguard Long-Term Tax-Exempt Inv,US Municipal Bonds,MUTUALFUND,1980-01-03,2026-07-16,11727,5.4030440179604255,6.015349016285184,-10.545319718437963,9.197348842067331,35.9085870214036
VWLUX,Vanguard Long-Term Tax-Exempt Adm,US Municipal Bonds,MUTUALFUND,2001-02-13,2026-07-16,6391,3.6305944497296507,3.920390140630281,-3.1331336105768104,3.999994416579833,38.5855108746675
VWSTX,Vanguard Ultra Short-Term Tax-Exempt Inv,US Municipal Bonds,MUTUALFUND,1980-01-03,2026-07-16,11727,3.495154873956087,1.3680591315206216,-0.7712034368559051,1.5169770286801665,16.329837127995226
VWSUX,Vanguard Ultra Short-Term Tax-Exempt Adm,US Municipal Bonds,MUTUALFUND,2001-02-13,2026-07-16,6391,1.7626012763447167,0.9007644677037071,-0.7711879242606634,0.9009356350845543,16.554529807541858
IYR,iShares US Real Estate ETF,US REIT,ETF,2000-06-20,2026-07-17,6556,11.474437035249743,25.814479709727085,-20.61114089136179,16.32528319588904,53.584502745576565
VNQ,Vanguard Real Estate ETF,US REIT,ETF,2004-09-30,2026-07-17,5482,11.531638232967497,28.371195198782896,-19.51374202877939,17.00650724151189,53.26523166727471
VGSIX,Vanguard Real Estate Index Investor,US REIT,MUTUALFUND,1996-05-14,2026-07-16,7590,12.008149810488161,25.460447913310407,-19.32137590418336,18.43634695523706,52.06851119894598
VGSLX,Vanguard Real Estate Index Admiral,US REIT,MUTUALFUND,2001-11-13,2026-07-16,6205,11.895387753202115,27.72789459814502,-19.337716643685244,18.45269443014317,53.2634971796938
EDV,Vanguard Extended Duration Treasury ETF,US Treasuries,ETF,2008-01-30,2026-07-17,4644,4.820331320117078,22.30022305368134,-8.144341663028698,8.588938015771653,51.48578811369509
IEF,iShares 7-10yr Treasury,US Treasuries,ETF,2002-07-31,2026-07-17,6028,3.7345652835895757,6.800536240029141,-2.5072469472464,3.4263483798778083,51.80822826808228
SHY,iShares 1-3yr Treasury,US Treasuries,ETF,2002-07-31,2026-07-17,6028,1.9771144082911691,1.5216248451832441,-0.656594160877777,0.9974088745489995,49.734571997345725
TLT,iShares 20+yr Treasury Bond,US Treasuries,ETF,2002-07-31,2026-07-17,6028,4.586904285814175,14.288005997705719,-6.668241678530884,7.519587849899101,52.14001327140013
VGIT,Vanguard Intermediate-Term Treasury ETF,US Treasuries,ETF,2009-11-24,2026-07-17,4184,2.230457544014454,4.386330469178057,-1.6131524794224528,1.6302021640180797,50.0717017208413
VGLT,Vanguard Long-Term Treasury ETF,US Treasuries,ETF,2010-01-05,2026-07-17,4157,3.5392376407179538,13.400084704372128,-6.577089632933775,6.63662889292751,51.503488092374305
VGSH,Vanguard Short-Term Treasury ETF,US Treasuries,ETF,2009-11-24,2026-07-17,4184,1.407574478478669,1.3868467610732376,-0.5280503804775627,0.9854588214166071,46.749521988527725
VFIRX,Vanguard Short-Term Treasury Fund Adm,US Treasuries,MUTUALFUND,2001-02-14,2026-07-16,6390,2.313312707847885,2.075317462577966,-0.6469010444221546,1.045590333090396,31.62754303599374
VFISX,Vanguard Short-Term Treasury Fund Inv,US Treasuries,MUTUALFUND,1991-10-29,2026-07-16,8738,3.3934942997584567,2.255433790431837,-0.8884081584782599,1.045701993936321,32.70771343556878
VFITX,Vanguard Intermediate-Term Treasury Inv,US Treasuries,MUTUALFUND,1991-10-29,2026-07-16,8738,4.586275204787073,5.031803451676809,-3.1558904979297364,2.555452983304818,45.28496223392081
VFIUX,Vanguard Intermediate-Term Treasury Adm,US Treasuries,MUTUALFUND,2001-02-13,2026-07-16,6391,3.413794556371616,4.877515264124703,-1.36860443252812,2.555355628813394,45.125958378970424
VLGSX,Vanguard Long-Term Treasury Index Adm,US Treasuries,MUTUALFUND,2009-11-24,2026-07-16,4183,3.1392260024511107,13.335225423066396,-5.863003195886895,6.673312403804732,51.374611522830506
VSBSX,Vanguard Short-Term Treasury Index Adm,US Treasuries,MUTUALFUND,2009-11-24,2026-07-16,4183,1.3802914040906624,1.3129785050845952,-0.5107043918983423,0.9854857864898925,34.425053789146546
VSIGX,Vanguard Intermediate-Term Treasury Index Adm,US Treasuries,MUTUALFUND,2009-11-24,2026-07-16,4183,2.199047440245073,4.266931432347433,-1.3163271714560665,1.5921841057978003,47.860387281855125
VUSTX,Vanguard Long-Term Treasury Inv,US Treasuries,MUTUALFUND,1986-05-20,2026-07-16,10115,6.200746850366922,11.351405135219844,-5.874887258713812,7.756584146784284,49.32278793870489
VUSUX,Vanguard Long-Term Treasury Admiral,US Treasuries,MUTUALFUND,2001-02-13,2026-07-16,6391,4.338152658815167,12.480667113477626,-5.874814922407589,6.520195633659975,50.41464559536849
^FVX,CBOE 5yr Treasury Yield,US Treasuries,YIELD,1962-01-03,2026-07-17,15999,6.394339631807192,34.95038867037831,-31.380751972855524,43.1235516088357,46.50915682230139
^TNX,CBOE 10yr Treasury Yield,US Treasuries,YIELD,1962-01-03,2026-07-17,15999,3.7944944485620975,26.32258645943483,-29.320108531113544,49.89980089182402,45.627851740733796
^TYX,CBOE 30yr Treasury Yield,US Treasuries,YIELD,1977-02-16,2026-07-17,12302,1.7465804713022635,21.631787087575365,-22.88066247789109,30.096052537583518,46.919200130060155
^VIX,CBOE Volatility Index,Volatility,INDEX,1990-01-03,2026-07-17,9202,60.38725043478992,113.34612599203086,-35.753873962348436,115.59792516603906,46.44642469028472
VT,Vanguard Total World Stock ETF,World Equity,ETF,2008-06-27,2026-07-17,4540,10.484123493564955,20.526258247844897,-12.138002460181918,13.453330422984756,54.074889867841414
OPPAX,Invesco Global Fund A,World Equity,MUTUALFUND,1973-05-04,2026-07-16,13411,9.953749645122034,18.85039871582081,-20.78266158881411,12.136115306627882,53.262247408843486
VGPMX,Vanguard Global Capital Cycles Investor,World Equity,MUTUALFUND,1984-05-24,2026-07-16,10616,8.976335230394223,24.984784289421018,-19.95712627619175,13.270797957028746,48.8413715146948
VTWAX,Vanguard Total World Stock Index Admiral,World Equity,MUTUALFUND,2019-02-08,2026-07-16,1867,14.261990167737345,18.18572396836226,-11.356724171531651,8.80372897312105,54.36529191215854
